__BEGIN__;;R2;R2;R2;R2;R2;R2;R2;R2;R2;R2;R2;R2
;;19801;19891 (D);93851 (C);10451;19851;19841;19841;19803 (D);93220/1;10453 (D);19853;93260/1
;;;;;;;[1];(D) [2];;(D) [2];;;(D)
;;;;;;;;;;Żyrardów;;;Sochaczew
Warszawa Zachodnia;o o;00:27;03:39;03:39;;04:20;04:50;05:05;05:20;05:24;;05:39;05:57
Warszawa Ochota;;00:31;03:43;03:43;;04:24;04:54;05:09;05:24;05:28;;05:43;06:01
Warszawa Śródmieście;o;00:34;03:46;03:46;;04:27;04:57;05:12;05:27;05:31;;05:46;06:05
Warszawa Powiśle;o o;00:37;03:49;03:49;;04:30;05:00;05:15;05:30;05:34;;05:49;06:07
Warszawa Stadion;;00:39;03:51;03:51;;04:32;05:02;05:17;05:32;05:36;;05:51;06:10
Warszawa Wschodnia;p;00:41;03:53;03:53;;04:34;05:04;05:19;05:34;05:38;;05:53;06:12
Warszawa Wschodnia;o;00:42;03:54;03:54;;04:35;05:09;05:20;05:35;05:39;;05:54;06:13
Warszawa Rembertów;p;00:48;04:01;04:01;;04:41;05:16;05:27;05:42;05:46;;06:00;06:20
Warszawa Rembertów;o;00:49;04:02;04:02;;04:42;05:17;05:28;05:43; ;;06:01; 
W-wa Wesoła;o o;00:54;04:06;04:06;;04:46;05:21;05:32;05:47;;;06:05;
W-wa Wola Grzybowska;;00:56;04:08;04:08;;04:49;05:23;05:34;05:49;;;06:08;
Sulejówek;o;00:59;04:11;04:11;;04:51;05:26;05:37;05:52;;;06:10;
Sulejówek Miłosna;p;01:01;04:13;04:13;;04:53;05:28;05:39;05:54;;;06:12;
Sulejówek Miłosna;o;01:01;04:13;04:13;;04:53;05:28;05:39;05:54;;;06:12;
Halinów;o o;01:05;04:17;04:17;;04:57;05:32;05:43;05:58;;;06:16;
Cisie;;01:08;04:20;04:20;;05:00;05:35;05:46;06:01;;;06:19;
Dębe Wielkie;o o;01:11;04:23;04:23;;05:02;05:38;05:49;06:04;;;06:21;
Nowe Dębe Wielkie;;01:13;04:25;04:25;;05:04;05:40;05:51;06:06;;;06:23;
Wrzosów;o;01:16;04:28;04:28;;05:07;05:43;05:54;06:09;;;06:26;
Mińsk Maz.;p;01:20;04:32;04:32;;05:11;05:47;05:58;06:13;;;06:30;
Mińsk Maz.;o; ;04:33;04:33;;05:12;05:48;05:59; ;;;06:31;
Mińsk Maz. Anielina;o o;;04:36;04:36;;05:14;05:51;06:02;;;;06:33;
Barcząca;;;04:39;04:39;;05:17;05:54;06:05;;;;06:36;
Mienia;o o;;04:43;04:43;;05:21;05:57;06:08;;;;06:40;
Cegłów;;;04:46;04:46;;05:24;06:01;06:12;;;;06:43;
Mrozy;p;;04:50;04:50;;05:27;06:05;06:16;;;;06:46;
Grodziszcze Maz.;o o;;04:50;04:50;;05:28; ; ;;;;06:47;
Grodziszcze Maz.;;;04:54;04:54;;05:32;;;;;;06:51;
Sosnowe;o o;;04:58;04:58;;05:36;;;;;;06:55;
Koszewnica;;;05:02;05:02;;05:39;;;;;;06:58;
Kotuń;o o;;05:06;05:06;;05:43;;;;;;07:02;
Sabinka;;;05:12;05:12;;05:48;;;;;;07:07;
Siedlce Zach.;o;;05:16;05:16;;05:51;;;;;;07:10;
Siedlce;p;;05:19;05:19; ;05:54;;;;; ;07:13;
Siedlce;o;;05:20; ;05:59; ;;;;;07:18; ;
Siedlce Wschodnie;o o;;05:23;;06:02;;;;;;07:21;;
Białki Siedleckie;;;05:26;;06:05;;;;;;07:24;;
Kosiorki;o o;;05:29;;06:08;;;;;;07:27;;
Borki Kosy;;;05:32;;06:11;;;;;;07:30;;
Dziewule;o o;;05:36;;06:15;;;;;;07:34;;
Radomyśl;;;05:39;;06:18;;;;;;07:37;;
Krynka Łukowska;o p;;05:42;;06:21;;;;;;07:40;;
Łuków;;;05:47;;06:26;;;;;;07:45;;
__BEGIN__;;R2;R2;R2;93860/1;93860/1;R2;R2;R2;R2;R2;R2;R2
;;21840/1;93262/3;91670/1;BOLIMEK;BOLIMEK;19855;10455;93802/3;19803 (C);93240/1;19857;91444/5
;;(D);(D);(D);(D) [1];(D) [2];;;(D);;(D);;(D)
;;Radom;Sochaczew;Piaseczno;Żyrardów;Żyrardów;;;Sochaczew;;GRODZISK MAZ.;;Sochaczew
Warszawa Zachodnia;o o;06:05;06:19;06:28;06:35;06:35;06:39;;07:05;07:05;07:27;07:39;08:05
Warszawa Ochota;;06:09;06:23;06:32; <; <;06:43;;07:09;07:09;07:31;07:43;08:09
Warszawa Śródmieście;o;06:12;06:26;06:35;< ;< ;06:46;;07:12;07:12;07:35;07:46;08:12
Warszawa Centralna;p;< ;< ;< ;06:39;06:39;< ;;< ;< ;< ;< ;< 
Warszawa Centralna;o;< ;< ;< ;06:44;06:44;< ;;< ;< ;< ;< ;< 
Warszawa Powiśle;o o;06:15;06:29;06:38;< ;< ;06:49;;07:15;07:15;07:37;07:49;08:15
Warszawa Stadion;;06:17;06:31;06:40;< ;< ;06:51;;07:17;07:17;07:40;07:51;08:17
Warszawa Wschodnia;p;06:19;06:33;06:42;06:50;06:50;06:53;;07:19;07:19;07:42;07:53;08:19
Warszawa Wschodnia;o;06:20;06:34;06:43;06:51;06:51;06:54;;07:20;07:20;07:43;07:54;08:20
Warszawa Rembertów;p;06:27;06:40;06:50;|;|;07:00;;07:27;07:27;07:50;08:00;08:26
Warszawa Rembertów;o;06:28;06:41; ;|;|;07:01;;07:28;07:28; ;08:01;08:27
W-wa Wesoła;o o;06:32;06:45;;|;|;07:05;;07:32;07:32;;08:05;08:31
W-wa Wola Grzybowska;;06:34;06:48;;|;|;07:08;;07:34;07:34;;08:08;08:34
Sulejówek;o;06:37;06:50;;|;|;07:10;;07:37;07:37;;08:10;08:36
Sulejówek Miłosna;p;06:39;06:52;;|;|;07:12;;07:39;07:39;;08:12;08:38
Sulejówek Miłosna;o;06:39;06:53;;|;|;07:12;;07:40;07:40;;08:12;08:39
Halinów;o o;06:43;06:56;;07:07;07:07;07:16;;07:43;07:43;;08:16;08:43
Cisie;;06:46;06:59;;|;|;07:19;;07:46;07:46;;08:19;08:46
Dębe Wielkie;o o;06:49;07:02;;|;|;07:21;;07:49;07:49;;08:21;08:49
Nowe Dębe Wielkie;;06:51;07:04;;|;|;07:23;;07:51;07:51;;08:23;08:51
Wrzosów;o;06:54;07:07;;|;|;07:26;;07:54;07:54;;08:26;08:54
Mińsk Maz.;p;06:58;07:12;;07:20;07:20;07:30;;07:58;07:58;;08:30;08:58
Mińsk Maz.;o;06:59; ;;07:21;07:21;07:31;; ; ;;08:31; 
Mińsk Maz. Anielina;o o;07:02;;;|;|;07:33;;;;;08:33;
Barcząca;;07:05;;;|;|;07:36;;;;;08:36;
Mienia;o o;07:08;;;|;|;07:40;;;;;08:40;
Cegłów;;07:12;;;07:28;07:28;07:43;;;;;08:43;
Mrozy;p;07:16;;;07:32;07:32;07:46;;;;;08:46;
Grodziszcze Maz.;o o; ;;;07:32;07:32;07:47;;;;;08:47;
Grodziszcze Maz.;;;;;|;|;07:51;;;;;08:51;
Sosnowe;o o;;;;|;|;07:55;;;;;08:55;
Koszewnica;;;;;|;|;07:58;;;;;08:58;
Kotuń;o o;;;;07:42;07:42;08:02;;;;;09:02;
Sabinka;;;;;|;|;08:07;;;;;09:07;
Siedlce Zach.;o;;;;07:49;07:49;08:10;;;;;09:10;
Siedlce;p;;;;07:52;07:52;08:13; ;;;;09:13;
Siedlce;o;;;; ; ; ;08:26;;;; ;
Siedlce Wschodnie;o o;;;;;;;08:29;;;;;
Białki Siedleckie;;;;;;;;08:32;;;;;
Kosiorki;o o;;;;;;;08:35;;;;;
Borki Kosy;;;;;;;;08:38;;;;;
Dziewule;o o;;;;;;;08:42;;;;;
Radomyśl;;;;;;;;08:45;;;;;
Krynka Łukowska;o p;;;;;;;08:48;;;;;
Łuków;;;;;;;;08:53;;;;;
__BEGIN__;;R2;R2;R2;11801;R2;R2;R2;R2;R2;R2;11803;19251 CZEREMSZAK
;;19805 (C);93264/5;19859;;93830/1;19861;91314/5;10457;93812/3;19863;;
;;;(D);;;(D);;(D);;(D);;;
;;;Łowicz Główny;;;Błonie;;GRODZISK MAZ.;;Góra Kalwaria;;;
Warszawa Zachodnia;o o;08:05;08:27;08:38;;09:06;09:39;09:54;;10:05;10:39;;
Warszawa Ochota;;08:09;08:31;08:42;;09:10;09:43;09:58;;10:09;10:43;;
Warszawa Śródmieście;o;08:12;08:35;08:46;;09:14;09:46;10:01;;10:12;10:46;;
Warszawa Powiśle;o o;08:15;08:37;08:48;;09:16;09:49;10:04;;10:15;10:49;;
Warszawa Stadion;;08:17;08:40;08:51;;09:19;09:51;10:06;;10:17;10:51;;
Warszawa Wschodnia;p;08:19;08:42;08:53;;09:21;09:53;10:08;;10:19;10:53;; 
Warszawa Wschodnia;o;08:20;08:43;08:54;;09:22;09:54;10:09;;10:20;10:54;;11:03
Warszawa Rembertów;p;08:26;08:50;09:00;;09:28;10:00;10:16;;10:27;11:00;;11:11
Warszawa Rembertów;o;08:27; ;09:01;;09:29;10:01; ;;10:28;11:01;;11:16
W-wa Wesoła;o o;08:31;;09:05;;09:33;10:05;;;10:32;11:05;;|
W-wa Wola Grzybowska;;08:34;;09:08;;09:35;10:08;;;10:34;11:08;;|
Sulejówek;o;08:36;;09:10;;09:38;10:10;;;10:37;11:10;;|
Sulejówek Miłosna;p;08:38;;09:12;;09:40;10:12;;;10:39;11:12;;|
Sulejówek Miłosna;o;08:39;;09:12;;09:40;10:12;;;10:39;11:12;;|
Halinów;o o;08:43;;09:16;;09:44;10:16;;;10:43;11:16;;11:26
Cisie;;08:46;;09:19;;09:47;10:19;;;10:46;11:19;;|
Dębe Wielkie;o o;08:49;;09:21;;09:50;10:21;;;10:49;11:21;;|
Nowe Dębe Wielkie;;08:51;;09:23;;09:52;10:23;;;10:51;11:23;;|
Wrzosów;o;08:54;;09:26;;09:55;10:26;;;10:54;11:26;;|
Mińsk Maz.;p;08:58;;09:30;;09:59;10:30;;;10:58;11:30;;11:36
Mińsk Maz.;o; ;;09:31;; ;10:31;;; ;11:31;;11:38
Mińsk Maz. Anielina;o o;;;09:33;;;10:33;;;;11:33;;11:41
Barcząca;;;;09:36;;;10:36;;;;11:36;;|
Mienia;o o;;;09:40;;;10:40;;;;11:40;;|
Cegłów;;;;09:43;;;10:43;;;;11:43;;11:50
Mrozy;p;;;09:46;;;10:46;;;;11:46;;11:54
Grodziszcze Maz.;o o;;;09:54;;;10:47;;;;11:47;;11:55
Grodziszcze Maz.;;;;09:58;;;10:51;;;;11:51;;|
Sosnowe;o o;;;10:02;;;10:55;;;;11:55;;|
Koszewnica;;;;10:05;;;10:58;;;;11:58;;|
Kotuń;o o;;;10:09;;;11:02;;;;12:02;;12:07
Sabinka;;;;10:14;;;11:07;;;;12:07;;|
Siedlce Zach.;o;;;10:17;;;11:10;;;;12:10;;12:16
Siedlce;p;;;10:20; ;;11:13;; ;;12:13; ;12:20
Siedlce;o;;; ;10:25;; ;;11:35;; ;12:18;12:21
Siedlce Wschodnie;o o;;;;10:28;;;;11:38;;;12:21;
Białki Siedleckie;;;;;10:31;;;;11:41;;;12:24;
Kosiorki;o o;;;;10:34;;;;11:44;;;12:27;
Borki Kosy;;;;;10:37;;;;11:47;;;12:30;
Dziewule;o o;;;;10:41;;;;11:51;;;12:34;
Radomyśl;;;;;10:44;;;;11:54;;;12:37;
Krynka Łukowska;o p;;;;10:47;;;;11:57;;;12:40;
Łuków;;;;;10:52;;;;12:02;;;12:45;
__BEGIN__;;R2;R2;R2;R2;R2;R2;R2;R2;R2;R2;R2;R2
;;19806/7;19865;10459;19809 (D);19867;10461 (D);21626/7;19869;10463;99265;19871;11221 (D)
;;(D);;;;;;(D);;;;;
;;Piaseczno;;;;;;Radom;;;;;
Warszawa Zachodnia;o o;11:05;11:39;;12:05;12:39;;13:20;13:39;;14:20;14:39;14:57
Warszawa Ochota;;11:09;11:43;;12:09;12:43;;13:24;13:43;;14:24;14:43;15:01
Warszawa Śródmieście;o;11:12;11:46;;12:12;12:46;;13:28;13:46;;14:27;14:46;15:05
Warszawa Powiśle;o o;11:15;11:49;;12:15;12:49;;13:30;13:49;;14:30;14:49;15:07
Warszawa Stadion;;11:17;11:51;;12:17;12:51;;13:33;13:51;;14:32;14:51;15:10
Warszawa Wschodnia;p;11:19;11:53;;12:19;12:53;;13:35;13:53;;14:34;14:53;15:12
Warszawa Wschodnia;o;11:20;11:54;;12:20;12:54;;13:36;13:54;;14:35;14:54;15:13
Warszawa Rembertów;p;11:27;12:00;;12:27;13:00;;13:43;14:00;;14:42;15:00;15:20
Warszawa Rembertów;o;11:28;12:01;;12:28;13:01;;13:44;14:01;;14:43;15:01; 
W-wa Wesoła;o o;11:32;12:05;;12:32;13:05;;13:48;14:05;;14:47;15:05;
W-wa Wola Grzybowska;;11:34;12:08;;12:34;13:08;;13:50;14:08;;14:49;15:08;
Sulejówek;o;11:37;12:10;;12:37;13:10;;13:53;14:10;;14:52;15:10;
Sulejówek Miłosna;p;11:39;12:12;;12:39;13:12;;13:55;14:12;;14:54;15:12;
Sulejówek Miłosna;o;11:39;12:12;;12:39;13:12;;13:55;14:12;;14:54;15:12;
Halinów;o o;11:43;12:16;;12:43;13:16;;13:59;14:16;;14:58;15:16;
Cisie;;11:46;12:19;;12:46;13:19;;14:02;14:19;;15:01;15:19;
Dębe Wielkie;o o;11:49;12:21;;12:49;13:21;;14:05;14:21;;15:04;15:21;
Nowe Dębe Wielkie;;11:51;12:23;;12:51;13:23;;14:07;14:23;;15:06;15:23;
Wrzosów;o;11:54;12:26;;12:54;13:26;;14:10;14:26;;15:09;15:26;
Mińsk Maz.;p;11:58;12:30;;12:58;13:30;;14:14;14:30;;15:13;15:30;
Mińsk Maz.;o; ;12:31;; ;13:31;; ;14:31;; ;15:31;
Mińsk Maz. Anielina;o o;;12:33;;;13:33;;;14:33;;;15:33;
Barcząca;;;12:36;;;13:36;;;14:36;;;15:36;
Mienia;o o;;12:40;;;13:40;;;14:40;;;15:40;
Cegłów;;;12:43;;;13:43;;;14:43;;;15:43;
Mrozy;p;;12:46;;;13:46;;;14:46;;;15:46;
Grodziszcze Maz.;o o;;12:47;;;13:47;;;14:47;;;15:47;
Grodziszcze Maz.;;;12:51;;;13:51;;;14:51;;;15:51;
Sosnowe;o o;;12:55;;;13:55;;;14:55;;;15:55;
Koszewnica;;;12:58;;;13:58;;;14:58;;;15:58;
Kotuń;o o;;13:02;;;14:02;;;15:02;;;16:02;
Sabinka;;;13:07;;;14:07;;;15:07;;;16:07;
Siedlce Zach.;o;;13:10;;;14:10;;;15:10;;;16:10;
Siedlce;p;;13:13; ;;14:13; ;;15:13; ;;16:13;
Siedlce;o;; ;13:35;; ;14:35;; ;15:27;; ;
Siedlce Wschodnie;o o;;;13:38;;;14:38;;;15:30;;;
Białki Siedleckie;;;;13:41;;;14:41;;;15:33;;;
Kosiorki;o o;;;13:44;;;14:44;;;15:36;;;
Borki Kosy;;;;13:47;;;14:47;;;15:39;;;
Dziewule;o o;;;13:51;;;14:51;;;15:43;;;
Radomyśl;;;;13:54;;;14:54;;;15:46;;;
Krynka Łukowska;o p;;;13:57;;;14:57;;;15:49;;;
Łuków;;;;14:02;;;15:02;;;15:54;;;
__BEGIN__;;R2;11805;R2;R2;RE2;R2;RE7;R2;R2;19230/1;R2;R2
;;21800/1;;11223 (D);93804/5;19221 (D);19873;19591;19813 (D);21824/5;ŁUKOWIANKA;19875;93250/1
;;;;;(D);;;(B) [1];;;(B);;(D)
;;CZACHÓWEK PŁD.;;;Sochaczew;;;;;Radom;WARSZAWA SŁUŻEW.;;Błonie
Warszawa Zachodnia;o o;15:05;;15:20;15:27;15:30;15:35;;16:05;16:20;16:31;16:39;16:57
Warszawa Ochota;;15:09;;15:24;15:31; <;15:39;;16:09;16:24; <;16:43;17:01
Warszawa Śródmieście;o;15:12;;15:27;15:35;< ;15:42;;16:12;16:27;< ;16:46;17:05
Warszawa Centralna;p;< ;;< ;< ;15:34;< ;;< ;< ;16:35;< ;< 
Warszawa Centralna;o;< ;;< ;< ;15:35;< ;;< ;< ;16:40;< ;< 
Warszawa Powiśle;o o;15:15;;15:30;15:37;< ;15:45;;16:15;16:30;< ;16:49;17:07
Warszawa Stadion;;15:17;;15:32;15:40;< ;15:47;;16:17;16:32;< ;16:51;17:10
Warszawa Wschodnia;p;15:19;;15:34;15:42;15:41;15:49; ;16:19;16:34;16:46;16:53;17:12
Warszawa Wschodnia;o;15:20;;15:35;15:43;15:43;15:50;15:54;16:20;16:35;16:47;16:54;17:13
Warszawa Rembertów;p;15:26;;15:42;15:50;|;15:56;|;16:27;16:41;|;17:00;17:20
Warszawa Rembertów;o;15:27;; ;15:52;|;15:57;|;16:28;16:42;|;17:01; 
W-wa Wesoła;o o;15:31;;;15:56;|;16:01;|;16:32;16:46;|;17:05;
W-wa Wola Grzybowska;;15:34;;;15:58;|;16:04;|;16:34;16:49;|;17:08;
Sulejówek;o;15:36;;;16:01;|;16:06;|;16:37;16:51;|;17:10;
Sulejówek Miłosna;p;15:39;;;16:03;|;16:08;16:12;16:39;16:53;|;17:12;
Sulejówek Miłosna;o;15:39;;;16:03;|;16:08;16:13;16:39;17:00;|;17:12;
Halinów;o o;15:43;;;16:07;15:58;16:12;|;16:43;17:03;17:00;17:16;
Cisie;;15:46;;;16:09;|;16:15;|;16:46;17:06;|;17:19;
Dębe Wielkie;o o;15:49;;;16:12;|;16:17;|;16:49;17:09;|;17:21;
Nowe Dębe Wielkie;;15:51;;;16:14;|;16:19;|;16:51;17:11;|;17:23;
Wrzosów;o;15:54;;;16:17;|;16:22;|;16:54;17:14;|;17:26;
Mińsk Maz.;p;15:58;;;16:21;16:08;16:26;;16:58;17:19;17:09;17:30;
Mińsk Maz.;o; ;;; ;16:09;16:27;; ; ;17:10;17:31;
Mińsk Maz. Anielina;o o;;;;;|;16:29;;;;|;17:33;
Barcząca;;;;;;|;16:32;;;;|;17:36;
Mienia;o o;;;;;|;16:36;;;;|;17:40;
Cegłów;;;;;;16:16;16:39;;;;17:17;17:43;
Mrozy;p;;;;;16:20;16:42;;;;17:21;17:46;
Grodziszcze Maz.;o o;;;;;16:21;16:52;;;;17:22;17:47;
Grodziszcze Maz.;;;;;;|;16:56;;;;|;17:51;
Sosnowe;o o;;;;;|;17:00;;;;|;17:55;
Koszewnica;;;;;;|;17:03;;;;|;17:58;
Kotuń;o o;;;;;16:30;17:07;;;;17:32;18:02;
Sabinka;;;;;;|;17:12;;;;|;18:07;
Siedlce Zach.;o;;;;;16:37;17:15;;;;17:40;18:10;
Siedlce;p;; ;;;16:40;17:18;;;;17:43;18:13;
Siedlce;o;;16:46;;; ; ;;;;17:45; ;
Siedlce Wschodnie;o o;;16:49;;;;;;;;17:48;;
Białki Siedleckie;;;16:52;;;;;;;;17:51;;
Kosiorki;o o;;16:55;;;;;;;;17:54;;
Borki Kosy;;;16:58;;;;;;;;17:57;;
Dziewule;o o;;17:02;;;;;;;;18:01;;
Radomyśl;;;17:05;;;;;;;;18:04;;
Krynka Łukowska;o p;;17:08;;;;;;;;18:07;;
Łuków;;;17:13;;;;;;;;18:13;;
__BEGIN__;;R2;R2;R2;RE2;RE2;RE2;R2;R2;R2;R2;R2;R2
;;93816/7;10465;21826/7;93862/3;93266/7;93862/3;19877;19877;10467 (D);93230/1;93732/3;21842/3
;;(D);;(D);(D) [1];(D);(D) [2];[3];[4];;(D);(D);(D)
;;Piaseczno;;Radom;Żyrardów;Sochaczew;Żyrardów;;;;Piaseczno;GRODZISK MAZ.;Radom
Warszawa Zachodnia;o o;17:05;;17:20;17:21;17:27;17:29;17:39;17:39;;17:57;18:05;18:20
Warszawa Ochota;;17:09;;17:24; <;17:31; <;17:43;17:43;;18:01;18:09;18:24
Warszawa Śródmieście;o;17:12;;17:27;< ;17:35;< ;17:46;17:46;;18:05;18:13;18:27
Warszawa Centralna;p;< ;;< ;17:25;< ;17:33;< ;< ;;< ;< ;< 
Warszawa Centralna;o;< ;;< ;17:35;< ;17:35;< ;< ;;< ;< ;< 
Warszawa Powiśle;o o;17:15;;17:30;< ;17:37;< ;17:49;17:49;;18:07;18:15;18:30
Warszawa Stadion;;17:17;;17:32;< ;17:40;< ;17:51;17:51;;18:10;18:18;18:32
Warszawa Wschodnia;p;17:19;;17:34;17:41;17:42;17:41;17:53;17:53;;18:12;18:20;18:34
Warszawa Wschodnia;o;17:20;;17:35;17:42;17:43;17:42;17:54;17:54;;18:13;18:21;18:35
Warszawa Rembertów;p;17:27;;17:41;|;17:49;|;18:00;18:00;;18:20;18:27;18:42
Warszawa Rembertów;o;17:28;;17:42;|; ;|;18:01;18:01;; ;18:28;18:43
W-wa Wesoła;o o;17:32;;17:46;|;;|;18:05;18:05;;;18:32;18:47
W-wa Wola Grzybowska;;17:34;;17:49;|;;|;18:08;18:08;;;18:34;18:49
Sulejówek;o;17:37;;17:51;|;;|;18:10;18:10;;;18:37;18:52
Sulejówek Miłosna;p;17:39;;17:54;|;;|;18:12;18:12;;;18:39;18:54
Sulejówek Miłosna;o;17:39;;18:01;|;;|;18:12;18:12;;;18:39;18:54
Halinów;o o;17:43;;18:04;18:01;;18:01;18:16;18:16;;;18:43;18:58
Cisie;;17:46;;18:07;|;;|;18:19;18:19;;;18:46;19:01
Dębe Wielkie;o o;17:49;;18:10;|;;|;18:21;18:21;;;18:49;19:04
Nowe Dębe Wielkie;;17:51;;18:12;|;;|;18:23;18:23;;;18:51;19:06
Wrzosów;o;17:55;;18:15;|;;|;18:26;18:26;;;18:54;19:09
Mińsk Maz.;p;18:00;;18:19;18:09;;18:09;18:30;18:30;;;18:58;19:13
Mińsk Maz.;o; ;; ;18:10;;18:10;18:31;18:31;;;18:59; 
Mińsk Maz. Anielina;o o;;;;|;;|;18:33;18:33;;;19:02;
Barcząca;;;;;|;;|;18:36;18:36;;;19:05;
Mienia;o o;;;;|;;|;18:40;18:40;;;19:08;
Cegłów;;;;;18:17;;18:17;18:43;18:43;;;19:12;
Mrozy;p;;;;18:21;;18:21;18:46;18:46;;;19:16;
Grodziszcze Maz.;o o;;;;18:21;;18:21;18:55;18:47;;; ;
Grodziszcze Maz.;;;;;|;;|;18:59;18:51;;;;
Sosnowe;o o;;;;|;;|;19:03;18:55;;;;
Koszewnica;;;;;|;;|;19:06;18:58;;;;
Kotuń;o o;;;;18:30;;18:30;19:10;19:02;;;;
Sabinka;;;;;|;;|;19:15;19:07;;;;
Siedlce Zach.;o;;;;18:37;;18:37;19:18;19:10;;;;
Siedlce;p;; ;;18:40;;18:40;19:21;19:13; ;;;
Siedlce;o;;18:45;; ;; ; ; ;19:26;;;
Siedlce Wschodnie;o o;;18:48;;;;;;;19:29;;;
Białki Siedleckie;;;18:51;;;;;;;19:32;;;
Kosiorki;o o;;18:54;;;;;;;19:35;;;
Borki Kosy;;;18:57;;;;;;;19:38;;;
Dziewule;o o;;19:01;;;;;;;19:42;;;
Radomyśl;;;19:04;;;;;;;19:45;;;
Krynka Łukowska;o p;;19:07;;;;;;;19:48;;;
Łuków;;;19:12;;;;;;;19:53;;;
__BEGIN__;;R2;RE2;R2;R2;R2;R2;R2;R2;R2;R2;R2;
;;19879;19233 (B);21844/5;10469;19881;19883 (B);19885;19815 (B);19887;19893;19889;
;;;;(D);;;;;;;;;
;;;;Radom;;;;;;;;;
Warszawa Zachodnia;o o;18:39;18:46;19:05;;19:39;20:05;20:39;21:05;21:39;22:39;23:39;
Warszawa Ochota;;18:43; <;19:09;;19:43;20:09;20:43;21:09;21:43;22:43;23:43;
Warszawa Śródmieście;o;18:46;< ;19:12;;19:46;20:12;20:46;21:12;21:46;22:46;23:46;
Warszawa Centralna;p;< ;18:50;< ;;< ;< ;< ;< ;< ;< ;< ;
Warszawa Centralna;o;< ;18:55;< ;;< ;< ;< ;< ;< ;< ;< ;
Warszawa Powiśle;o o;18:49;< ;19:15;;19:49;20:15;20:49;21:15;21:49;22:49;23:49;
Warszawa Stadion;;18:51;< ;19:17;;19:51;20:17;20:51;21:17;21:51;22:51;23:51;
Warszawa Wschodnia;p;18:53;19:01;19:19;;19:53;20:19;20:53;21:19;21:53;22:53;23:53;
Warszawa Wschodnia;o;18:54;19:10;19:20;;19:54;20:20;20:54;21:20;21:54;22:54;23:54;
Warszawa Rembertów;p;19:00;|;19:27;;20:00;20:27;21:00;21:27;22:00;23:00;00:01;
Warszawa Rembertów;o;19:01;|;19:28;;20:01;20:28;21:01;21:28;22:01;23:01;00:02;
W-wa Wesoła;o o;19:05;|;19:32;;20:05;20:32;21:05;21:32;22:05;23:05;00:06;
W-wa Wola Grzybowska;;19:08;|;19:34;;20:08;20:34;21:08;21:34;22:08;23:08;00:08;
Sulejówek;o;19:10;|;19:37;;20:10;20:37;21:10;21:37;22:10;23:10;00:11;
Sulejówek Miłosna;p;19:12;|;19:39;;20:12;20:39;21:12;21:39;22:12;23:12;00:13;
Sulejówek Miłosna;o;19:12;|;19:39;;20:12;20:39;21:12;21:39;22:12;23:12;00:13;
Halinów;o o;19:16;19:26;19:43;;20:16;20:43;21:16;21:43;22:16;23:16;00:17;
Cisie;;19:19;|;19:46;;20:19;20:46;21:19;21:46;22:19;23:19;00:20;
Dębe Wielkie;o o;19:21;|;19:49;;20:21;20:49;21:21;21:49;22:21;23:21;00:23;
Nowe Dębe Wielkie;;19:23;|;19:51;;20:23;20:51;21:23;21:51;22:23;23:23;00:25;
Wrzosów;o;19:26;|;19:54;;20:26;20:54;21:26;21:54;22:26;23:26;00:28;
Mińsk Maz.;p;19:30;19:35;19:58;;20:30;20:58;21:30;21:58;22:30;23:31;00:32;
Mińsk Maz.;o;19:39;19:36;19:59;;20:31;21:10;21:31; ;22:31;23:32;00:33;
Mińsk Maz. Anielina;o o;19:41;|;20:02;;20:33;21:13;21:33;;22:33;23:35;00:36;
Barcząca;;19:44;|;20:05;;20:36;21:16;21:36;;22:36;23:38;00:39;
Mienia;o o;19:48;|;20:08;;20:40;21:20;21:40;;22:40;23:41;00:43;
Cegłów;;19:51;19:43;20:12;;20:43;21:23;21:43;;22:43;23:44;00:46;
Mrozy;p;19:54;19:47;20:16;;20:46;21:27;21:46;;22:46;23:48;00:50;
Grodziszcze Maz.;o o;19:55;19:48; ;;20:47;21:27;21:47;;22:47;23:48;00:51;
Grodziszcze Maz.;;19:59;|;;;20:51;21:31;21:51;;22:51;23:52;00:55;
Sosnowe;o o;20:03;|;;;20:55;21:35;21:55;;22:55;23:56;00:59;
Koszewnica;;20:06;|;;;20:58;21:38;21:58;;22:58;23:59;01:02;
Kotuń;o o;20:10;19:57;;;21:02;21:42;22:02;;23:02;00:03;01:06;
Sabinka;;20:15;|;;;21:07;21:48;22:07;;23:07;00:08;01:11;
Siedlce Zach.;o;20:18;20:05;;;21:10;21:52;22:10;;23:10;00:12;01:15;
Siedlce;p;20:21;20:08;; ;21:13;21:55;22:13;;23:13;00:14;01:18;
Siedlce;o; ;20:09;;21:18; ; ; ;; ;00:15; ;
Siedlce Wschodnie;o o;;20:12;;21:21;;;;;;00:18;;
Białki Siedleckie;;;20:15;;21:24;;;;;;00:21;;
Kosiorki;o o;;20:18;;21:27;;;;;;00:24;;
Borki Kosy;;;20:21;;21:30;;;;;;00:26;;
Dziewule;o o;;20:25;;21:34;;;;;;00:30;;
Radomyśl;;;20:28;;21:37;;;;;;00:32;;
Krynka Łukowska;o p;;20:31;;21:40;;;;;;00:35;;
Łuków;;;20:37;;21:45;;;;;;00:40;;
__BEGIN__;;R2;R1;R2;R2;R3;R3;R8;RE8;R2;R3;R2;RE7
;;91850/1;93330/1;91852 (C);91890 (D);93450/1;93450/1;12800/1;91230/1;91800/1;19442/3;91854/5;91590/1
;;;(D);;;(D) [1];(D) [2];(D);[3];[3];(D);(C);[4]
;;;;;;;;;;;;;Pilawa
Łuków;o o;;;;04:19;;;;04:43;;;;
Krynka Łukowska;;;;;04:24;;;;04:49;;;;
Radomyśl;o o;;;;04:27;;;;04:52;;;;
Dziewule;;;;;04:30;;;;04:55;;;;
Borki Kosy;o o;;;;04:33;;;;04:58;;;;
Kosiorki;;;;;04:36;;;;05:01;;;;
Białki Siedleckie;o o;;;;04:39;;;;05:04;;;;
Siedlce Wschodnie;;;;;04:41;;;;05:07;;;;
Siedlce;p; ;; ;04:44;;;;05:10;; ; ;
Siedlce Zach.;o o;03:30;;04:45;04:45;;;;05:12;;05:16;05:16;
Siedlce Zach.;;03:33;;04:48;04:48;;;;05:15;;05:19;05:19;
Sabinka;o o;03:36;;04:51;04:51;;;;|;;05:23;05:23;
Kotuń;;03:42;;04:57;04:57;;;;05:22;;05:29;05:29;
Koszewnica;o o;03:46;;05:01;05:01;;;;|;;05:33;05:33;
Sosnowe;;03:49;;05:04;05:04;;;;|;;05:36;05:36;
Grodziszcze Maz.;o;03:53;;05:08;05:08;;;;|;;05:40;05:40;
Mrozy;p;03:57; ;05:12;05:12;;;;05:32;;05:44;05:44;
Mrozy;o;03:57;04:44;05:12;05:12;;;;05:34;;05:44;05:44;
Cegłów;o o;04:02;04:48;05:17;05:17;;;;05:39;;05:49;05:49;
Mienia;;04:05;04:52;05:20;05:20;;;;|;;05:52;05:52;
Barcząca;o o;04:08;04:56;05:23;05:23;;;;|;;05:56;05:56;
Mińsk Maz. Anielina;;04:11;04:59;05:26;05:26;;;;|;;05:59;05:59;
Mińsk Maz.;p;04:13;05:01;05:28;05:28;;; ;05:46; ;06:01;06:01;
Wrzosów;o o;04:14;05:02;05:29;05:29;;;05:37;05:48;05:54;06:02;06:02;|
Wrzosów;;04:19;05:07;05:34;05:34;;;05:41;|;05:59;06:07;06:07;
Nowe Dębe Wielkie;o o;04:22;05:10;05:37;05:37;;;05:44;|;06:02;06:10;06:10;|
Dębe Wielkie;;04:24;05:12;05:39;05:39;;;05:46;|;06:04;06:12;06:12;|
Cisie;o o;04:26;05:15;05:41;05:41;;;05:49;|;06:07;06:15;06:15;|
Halinów;;04:29;05:18;05:44;05:44;;;05:52;05:57;06:10;06:18;06:18;|
Sulejówek Miłosna;p;04:32;05:21;05:47;05:47;;;05:55;|;06:13;06:21;06:21;06:28
Sulejówek;o o;04:33;05:21;05:48;05:48;;;06:02;|;06:14;06:21;06:21;06:29
Sulejówek;;04:35;05:24;05:50;05:50;;;06:05;|;06:16;06:24;06:24;|
W-wa Wola Grzybowska;o o;04:37;05:26;05:52;05:52;;;06:07;|;06:19;06:26;06:26;|
W-wa Wesoła;;04:40;05:29;05:55;05:55;;;06:10;|;06:21;06:29;06:29;|
Warszawa Rembertów;p;04:43;05:32;05:58;05:58; ; ;06:13;|;06:25;06:32;06:32;|
Warszawa Rembertów;o;04:44;05:33;05:59;05:59;06:03;06:06;06:14;|;06:26;06:33;06:33;|
Warszawa Wschodnia;p;04:50;05:39;06:05;06:05;06:09;06:13;06:20;06:10;06:32;06:39;06:39;06:45
Warszawa Wschodnia;o;04:51;05:40;06:06;06:06;06:10;06:14;06:21;06:14;06:33;06:44;06:44; 
Warszawa Stadion;o o;04:54;05:43;06:09;06:09;06:13;06:16;06:24;< ;06:35;06:46;06:46;
Warszawa Powiśle;;04:56;05:45;06:11;06:11;06:15;06:19;06:26;< ;06:38;06:49;06:49;
Warszawa Śródmieście;o;05:00;05:49;06:15;06:15;06:19;06:22;06:30;< ;06:41;06:52;06:52;
Warszawa Centralna;p;< ;< ;< ;< ;< ;< ;< ;06:20;< ;< ;< ;
Warszawa Centralna;o;< ;< ;< ;< ;< ;< ;< ;06:23;< ;< ;< ;
Warszawa Ochota;o p;05:03;05:52;06:18;06:18;06:22;06:25;06:33;< 06:27;06:44;06:55;06:55;
Warszawa Zachodnia;;05:06;05:55;06:21;06:21;06:25;06:28;06:36;;06:47;06:58;06:58;
__BEGIN__;;R8;R2;R2;R3;R3;91232/3;R2;R8;R2;R2;R3;RE2
;;93940/1;91856/7;91892 (C);93400/1;93400/1;ŁUKOWIANKA;91802/3;93900/1;11850 (D);91858;93460/1;12890/1
;;(D);(D);;(D) [1];(D) [2];[3];;(D);;;(D) [4];[3]
;;;;;;;;;;;;;
Łuków;o o;;;05:19;;;05:37;;;06:00;;;06:37
Krynka Łukowska;;;;05:24;;;05:43;;;06:06;;;06:43
Radomyśl;o o;;;05:27;;;05:46;;;06:09;;;06:46
Dziewule;;;;05:30;;;05:49;;;06:12;;;06:49
Borki Kosy;o o;;;05:33;;;05:53;;;06:16;;;06:53
Kosiorki;;;;05:36;;;05:56;;;06:19;;;06:56
Białki Siedleckie;o o;;;05:39;;;06:00;;;06:22;;;06:59
Siedlce Wschodnie;;;;05:41;;;06:03;;;06:24;;;07:01
Siedlce;p;; ;05:44;;;06:06;;;06:27; ;;07:04
Siedlce Zach.;o o;;05:45;05:45;;;06:08;;; ;06:36;;07:05
Siedlce Zach.;;;05:48;05:48;;;06:11;;;;06:39;;07:08
Sabinka;o o;;05:51;05:51;;;|;;;;06:42;;|
Kotuń;;;05:57;05:57;;;06:19;;;;06:47;;07:16
Koszewnica;o o;;06:01;06:01;;;|;;;;06:51;;|
Sosnowe;;;06:04;06:04;;;|;;;;06:54;;|
Grodziszcze Maz.;o;;06:08;06:08;;;|;;;;06:58;;|
Mrozy;p;;06:12;06:12;;;06:28;; ;;07:02;;07:27
Mrozy;o;;06:12;06:12;;;06:29;;06:39;;07:02;;07:27
Cegłów;o o;;06:17;06:17;;;06:34;;06:43;;07:07;;07:32
Mienia;;;06:20;06:20;;;|;;06:47;;07:10;;|
Barcząca;o o;;06:23;06:23;;;|;;06:51;;07:13;;|
Mińsk Maz. Anielina;;;06:26;06:26;;;|;;06:54;;07:16;;07:39
Mińsk Maz.;p;;06:28;06:28;;;06:42; ;06:57;;07:18; ;07:42
Wrzosów;o o;;06:29;06:29;;;06:43;06:47;07:05;;07:29;07:47;07:43
Wrzosów;;;06:34;06:34;;;|;06:52;07:09;;07:34;07:51;|
Nowe Dębe Wielkie;o o;;06:37;06:37;;;|;06:55;07:12;;07:37;07:54;|
Dębe Wielkie;;;06:39;06:39;;;|;06:57;07:14;;07:39;07:56;|
Cisie;o o;;06:41;06:41;;;|;07:00;07:17;;07:41;07:59;|
Halinów;;;06:44;06:44;;;06:51;07:03;07:20;;07:44;08:02;07:52
Sulejówek Miłosna;p;;06:47;06:47;;;|;07:06;07:23;;07:47;08:05;07:56
Sulejówek;o o;;06:48;06:48;;;|;07:06;07:23;;07:48;08:06;07:57
Sulejówek;;;06:50;06:50;;;|;07:09;07:26;;07:50;08:08;|
W-wa Wola Grzybowska;o o;;06:52;06:52;;;|;07:11;07:28;;07:52;08:11;|
W-wa Wesoła;;;06:55;06:55;;;|;07:14;07:31;;07:55;08:13;|
Warszawa Rembertów;p; ;06:58;06:58; ; ;|;07:17;07:34;;07:58;08:17;08:03
Warszawa Rembertów;o;06:44;06:59;06:59;07:10;07:14;|;07:18;07:35;;07:59;08:18;08:04
Warszawa Wschodnia;p;06:50;07:05;07:05;07:17;07:21;07:08;07:24;07:42;;08:05;08:24;08:13
Warszawa Wschodnia;o;06:51;07:06;07:06;07:18;07:22;07:09;07:25;07:44;;08:06;08:25;08:14
Warszawa Stadion;o o;06:54;07:09;07:09;07:20;07:24;< ;07:28;07:46;;08:09;08:27;< 
Warszawa Powiśle;;06:56;07:11;07:11;07:23;07:27;< ;07:30;07:49;;08:11;08:30;< 
Warszawa Śródmieście;o;07:00;07:15;07:15;07:26;07:30;< ;07:34;07:52;;08:15;08:33;< 
Warszawa Centralna;p;< ;< ;< ;< ;< ;07:15;< ;< ;;< ;< ;08:20
Warszawa Centralna;o;< ;< ;< ;< ;< ;07:16;< ;< ;;< ;< ;08:25
Warszawa Ochota;o p;07:03;07:18;07:18;07:29;07:33;< 07:20;07:37;07:55;;08:18;08:36;< 08:28
Warszawa Zachodnia;;07:06;07:21;07:21;07:32;07:36;;07:40;07:58;;08:21;08:39;
__BEGIN__;;R3;R8;R8;R2;R2;R2;R2;11822;RE2;R2;R3;R2
;;93460/1;91840/1;91804/5;93942/3;11852;93942/3;91860/1;;91220/1;91806/7;93490/1;91862
;;(D) [1];(D);(C);(D) [1];[2];(D) [3];;;(D);;(D);91862/3
;;;;;;;;;Terespol;;;;
Łuków;o o;;;;;07:03;;;07:26;;;;
Krynka Łukowska;;;;;;07:09;;;07:32;;;;
Radomyśl;o o;;;;;07:12;;;07:35;;;;
Dziewule;;;;;;07:15;;;07:38;;;;
Borki Kosy;o o;;;;;07:19;;;07:42;;;;
Kosiorki;;;;;;07:22;;;07:45;;;;
Białki Siedleckie;o o;;;;;07:25;;;07:48;;;;
Siedlce Wschodnie;;;;;;07:27;;;07:51;;;;
Siedlce;p;;;;;07:30;; ;07:54; ;;; 
Siedlce Zach.;o o;;;;; ;;07:45; ;08:18;;;08:45
Siedlce Zach.;;;;;;;;07:48;;08:21;;;08:48
Sabinka;o o;;;;;;;07:51;;|;;;08:51
Kotuń;;;;;;;;07:57;;08:29;;;08:57
Koszewnica;o o;;;;;;;08:01;;|;;;09:01
Sosnowe;;;;;;;;08:04;;|;;;09:04
Grodziszcze Maz.;o;;;;;;;08:08;;|;;;09:08
Mrozy;p;; ;;;;;08:12;;08:38;;;09:12
Mrozy;o;;07:44;;;;;08:12;;08:39;;;09:12
Cegłów;o o;;07:48;;;;;08:17;;08:44;;;09:17
Mienia;;;07:52;;;;;08:20;;|;;;09:20
Barcząca;o o;;07:56;;;;;08:23;;|;;;09:23
Mińsk Maz. Anielina;;;07:59;;;;;08:26;;|;;;09:26
Mińsk Maz.;p; ;08:01; ;;;;08:28;;08:51; ;;09:28
Wrzosów;o o;07:47;08:02;08:02;;;;08:29;;08:52;08:55;;09:29
Wrzosów;;07:51;08:07;08:07;;;;08:34;;|;08:59;;09:34
Nowe Dębe Wielkie;o o;07:54;08:10;08:10;;;;08:37;;|;09:02;;09:37
Dębe Wielkie;;07:56;08:12;08:12;;;;08:39;;|;09:04;;09:39
Cisie;o o;07:59;08:15;08:15;;;;08:41;;|;09:07;;09:41
Halinów;;08:02;08:18;08:18;;;;08:44;;09:00;09:10;;09:44
Sulejówek Miłosna;p;08:05;08:21;08:21;;;;08:47;;|;09:13;;09:47
Sulejówek;o o;08:06;08:21;08:21;;;;08:48;;|;09:14;;09:48
Sulejówek;;08:08;08:24;08:24;;;;08:50;;|;09:16;;09:50
W-wa Wola Grzybowska;o o;08:11;08:26;08:26;;;;08:52;;|;09:19;;09:52
W-wa Wesoła;;08:13;08:29;08:29;;;;08:55;;|;09:21;;09:55
Warszawa Rembertów;p;08:17;08:32;08:32; ;; ;08:58;;|;09:25; ;09:58
Warszawa Rembertów;o;08:18;08:33;08:33;08:37;;08:44;08:59;;|;09:26;09:36;09:59
Warszawa Wschodnia;p;08:24;08:39;08:39;08:43;;08:50;09:05;;09:17;09:32;09:42;10:05
Warszawa Wschodnia;o;08:26;08:40;08:40;08:44;;08:51;09:06;;09:19;09:33;09:44;10:06
Warszawa Stadion;o o;08:28;08:43;08:43;08:47;;08:54;09:09;;< ;09:35;09:46;10:09
Warszawa Powiśle;;08:31;08:45;08:45;08:49;;08:56;09:11;;< ;09:38;09:49;10:11
Warszawa Śródmieście;o;08:34;08:49;08:49;08:53;;09:00;09:15;;< ;09:41;09:52;10:15
Warszawa Centralna;p;< ;< ;< ;< ;;< ;< ;;09:25;< ;< ;< 
Warszawa Centralna;o;< ;< ;< ;< ;;< ;< ;;09:39;< ;< ;< 
Warszawa Ochota;o p;08:37;08:52;08:52;08:56;;09:03;09:18;;< 09:43;09:44;09:55;10:18
Warszawa Zachodnia;;08:40;08:55;08:55;08:59;;09:06;09:21;;;09:47;09:58;10:21
__BEGIN__;;R2;R2;R2;91250 CZEREMSZAK;11826;R2;R2;R2;R2;R2;R2;R2
;;91808/9;11854 (D);91864;;;91810/1;91866/7;91812/3;11856;91868;91814/5;91870/1
;;;;;;;(D);;(D);;;(D);
;;;;;Czeremcha;Terespol;;;;;;;
Łuków;o o;;09:03;;;09:44;;;;10:58;;;
Krynka Łukowska;;;09:09;;;09:50;;;;11:04;;;
Radomyśl;o o;;09:12;;;09:53;;;;11:07;;;
Dziewule;;;09:15;;;09:56;;;;11:10;;;
Borki Kosy;o o;;09:19;;;10:00;;;;11:14;;;
Kosiorki;;;09:22;;;10:03;;;;11:17;;;
Białki Siedleckie;o o;;09:25;;;10:06;;;;11:20;;;
Siedlce Wschodnie;;;09:27;;;10:09;;;;11:22;;;
Siedlce;p;;09:30; ;10:07;10:12;; ;;11:25; ;; 
Siedlce Zach.;o o;; ;09:49;10:10; ;;10:35;; ;11:45;;12:45
Siedlce Zach.;;;;09:52;10:13;;;10:38;;;11:48;;12:48
Sabinka;o o;;;09:55;|;;;10:41;;;11:51;;12:51
Kotuń;;;;10:01;10:22;;;10:47;;;11:57;;12:57
Koszewnica;o o;;;10:05;|;;;10:51;;;12:01;;13:01
Sosnowe;;;;10:08;|;;;10:54;;;12:04;;13:04
Grodziszcze Maz.;o;;;10:12;|;;;10:58;;;12:08;;13:08
Mrozy;p;;;10:16;10:33;;;11:02;;;12:12;;13:12
Mrozy;o;;;10:16;10:34;;;11:08;;;12:12;;13:12
Cegłów;o o;;;10:21;10:39;;;11:13;;;12:17;;13:17
Mienia;;;;10:24;|;;;11:16;;;12:20;;13:20
Barcząca;o o;;;10:27;|;;;11:19;;;12:23;;13:23
Mińsk Maz. Anielina;;;;10:30;10:47;;;11:22;;;12:26;;13:26
Mińsk Maz.;p; ;;10:32;10:49;; ;11:24; ;;12:28; ;13:28
Wrzosów;o o;10:02;;10:33;10:50;;11:02;11:31;12:02;;12:29;13:02;13:29
Wrzosów;;10:07;;10:38;|;;11:07;11:36;12:07;;12:34;13:07;13:34
Nowe Dębe Wielkie;o o;10:10;;10:41;|;;11:10;11:39;12:10;;12:37;13:10;13:37
Dębe Wielkie;;10:12;;10:43;|;;11:12;11:41;12:12;;12:39;13:12;13:39
Cisie;o o;10:15;;10:45;|;;11:15;11:43;12:15;;12:41;13:15;13:41
Halinów;;10:18;;10:48;11:00;;11:18;11:46;12:18;;12:44;13:18;13:44
Sulejówek Miłosna;p;10:21;;10:51;|;;11:21;11:49;12:21;;12:47;13:21;13:47
Sulejówek;o o;10:21;;10:52;|;;11:21;11:50;12:21;;12:48;13:21;13:48
Sulejówek;;10:24;;10:54;|;;11:24;11:52;12:24;;12:50;13:24;13:50
W-wa Wola Grzybowska;o o;10:26;;10:56;|;;11:26;11:54;12:26;;12:52;13:26;13:52
W-wa Wesoła;;10:29;;10:59;|;;11:29;11:57;12:29;;12:55;13:29;13:55
Warszawa Rembertów;p;10:32;;11:02;11:10;;11:32;12:00;12:32;;12:58;13:32;13:58
Warszawa Rembertów;o;10:33;;11:03;11:14;;11:33;12:01;12:33;;12:59;13:33;13:59
Warszawa Wschodnia;p;10:39;;11:09;11:21;;11:39;12:07;12:39;;13:05;13:39;14:05
Warszawa Wschodnia;o;10:40;;11:10; ;;11:40;12:10;12:40;;13:06;13:40;14:06
Warszawa Stadion;o o;10:43;;11:13;;;11:43;12:13;12:43;;13:09;13:43;14:09
Warszawa Powiśle;;10:45;;11:15;;;11:45;12:15;12:45;;13:11;13:45;14:11
Warszawa Śródmieście;o;10:49;;11:19;;;11:49;12:19;12:49;;13:15;13:49;14:15
Warszawa Ochota;o p;10:52;;11:22;;;11:52;12:22;12:52;;13:18;13:52;14:18
Warszawa Zachodnia;;10:55;;11:25;;;11:55;12:25;12:55;;13:21;13:55;14:21
__BEGIN__;;R2;R8;R2;R2;R1;R3;R2;R2;R8;R1;R2;11828
;;91816/7;12224/5;11858;91872;93310/1;93492/3;11860;91874;12226/7;93312/3;91818/9;(D)
;;(D);(D);;;(D);(D);;;(D);(D) [1];93312/3;
;;;;;;;;;;;;(C) [2];
Łuków;o o;;;12:58;;;;14:13;;;;;15:13
Krynka Łukowska;;;;13:04;;;;14:19;;;;;15:19
Radomyśl;o o;;;13:07;;;;14:22;;;;;15:22
Dziewule;;;;13:10;;;;14:25;;;;;15:25
Borki Kosy;o o;;;13:14;;;;14:29;;;;;15:29
Kosiorki;;;;13:17;;;;14:32;;;;;15:32
Białki Siedleckie;o o;;;13:20;;;;14:35;;;;;15:35
Siedlce Wschodnie;;;;13:22;;;;14:37;;;;;15:37
Siedlce;p;;;13:25; ;;;14:40; ;;;;15:40
Siedlce Zach.;o o;;; ;13:39;;; ;14:45;;;; 
Siedlce Zach.;;;;;13:42;;;;14:48;;;;
Sabinka;o o;;;;13:45;;;;14:51;;;;
Kotuń;;;;;13:50;;;;14:57;;;;
Koszewnica;o o;;;;13:54;;;;15:01;;;;
Sosnowe;;;;;13:57;;;;15:04;;;;
Grodziszcze Maz.;o;;;;14:01;;;;15:08;;;;
Mrozy;p;;;;14:05;;;;15:12;;;;
Mrozy;o;;;;14:12;;;;15:12;;;;
Cegłów;o o;;;;14:17;;;;15:17;;;;
Mienia;;;;;14:20;;;;15:20;;;;
Barcząca;o o;;;;14:23;;;;15:23;;;;
Mińsk Maz. Anielina;;;;;14:26;;;;15:26;;;;
Mińsk Maz.;p; ;;;14:28; ;;;15:28;; ; ;
Wrzosów;o o;13:54;;;14:29;15:02;;;15:29;;16:02;16:02;
Wrzosów;;13:59;;;14:34;15:07;;;15:34;;16:06;16:06;
Nowe Dębe Wielkie;o o;14:02;;;14:37;15:10;;;15:37;;16:09;16:09;
Dębe Wielkie;;14:04;;;14:39;15:12;;;15:39;;16:11;16:11;
Cisie;o o;14:07;;;14:41;15:15;;;15:41;;16:14;16:14;
Halinów;;14:10;;;14:44;15:18;;;15:44;;16:17;16:17;
Sulejówek Miłosna;p;14:13;;;14:47;15:21;;;15:47;;16:20;16:20;
Sulejówek;o o;14:13;;;14:48;15:21;;;15:48;;16:21;16:21;
Sulejówek;;14:16;;;14:50;15:24;;;15:50;;16:23;16:23;
W-wa Wola Grzybowska;o o;14:18;;;14:52;15:26;;;15:52;;16:26;16:26;
W-wa Wesoła;;14:21;;;14:55;15:29;;;15:55;;16:28;16:28;
Warszawa Rembertów;p;14:24; ;;14:58;15:32; ;;15:58; ;16:32;16:32;
Warszawa Rembertów;o;14:25;14:29;;14:59;15:33;15:44;;15:59;16:18;16:33;16:33;
Warszawa Wschodnia;p;14:31;14:35;;15:05;15:39;15:50;;16:05;16:24;16:39;16:39;
Warszawa Wschodnia;o;14:33;14:36;;15:06;15:40;15:51;;16:06;16:25;16:40;16:40;
Warszawa Stadion;o o;14:35;14:39;;15:09;15:43;15:54;;16:09;16:28;16:43;16:43;
Warszawa Powiśle;;14:38;14:41;;15:11;15:45;15:56;;16:11;16:30;16:45;16:45;
Warszawa Śródmieście;o;14:41;14:45;;15:15;15:49;16:00;;16:15;16:34;16:49;16:49;
Warszawa Ochota;o p;14:44;14:48;;15:18;15:52;16:03;;16:18;16:37;16:52;16:52;
Warszawa Zachodnia;;14:47;14:51;;15:21;15:55;16:06;;16:21;16:40;16:55;16:55;
__BEGIN__;;11828;R2;R1;R2;R8;R2;R3;R2;RE2;R1;RE2;R2
Warszawa Zachodnia;;(C);91876;93314/5;91820/1;93944/5;91878;19420/1;11862;91234;93316/7;91222 (D);91822/3
Warszawa Zachodnia;;;;(D);(C);(D);;(D);(E) [1];[2];(D);;(C)
Warszawa Zachodnia;;;;;;;;;;;;;
Łuków;o o;15:13;;;;;;;16:48;16:50;;;
Krynka Łukowska;;15:19;;;;;;;16:54;16:56;;;
Radomyśl;o o;15:22;;;;;;;16:57;16:59;;;
Dziewule;;15:25;;;;;;;17:00;17:02;;;
Borki Kosy;o o;15:29;;;;;;;17:04;17:05;;;
Kosiorki;;15:32;;;;;;;17:07;17:08;;;
Białki Siedleckie;o o;15:35;;;;;;;17:10;17:11;;;
Siedlce Wschodnie;;15:37;;;;;;;17:12;17:14;;;
Siedlce;p;15:40; ;;;; ;;17:15;17:17;; ;
Siedlce Zach.;o o; ;15:45;;;;16:45;; ;17:20;;17:20;
Siedlce Zach.;;;15:48;;;;16:48;;;|;;|;
Sabinka;o o;;15:51;;;;16:51;;;|;;|;
Kotuń;;;15:57;;;;16:57;;;|;;|;
Koszewnica;o o;;16:01;;;;17:01;;;|;;|;
Sosnowe;;;16:04;;;;17:04;;;|;;|;
Grodziszcze Maz.;o;;16:08;;;;17:08;;;|;;|;
Mrozy;p;;16:12;;;;17:12;;;17:36;;17:36;
Mrozy;o;;16:12;;;;17:12;;;17:37;;17:37;
Cegłów;o o;;16:17;;;;17:17;;;|;;|;
Mienia;;;16:20;;;;17:20;;;|;;|;
Barcząca;o o;;16:23;;;;17:23;;;|;;|;
Mińsk Maz. Anielina;;;16:26;;;;17:26;;;|;;|;
Mińsk Maz.;p;;16:28; ; ;;17:28;;;17:47; ;17:47; 
Wrzosów;o o;;16:29;17:02;17:02;;17:29;;;17:48;18:03;17:48;18:03
Wrzosów;;;16:34;17:07;17:07;;17:34;;;|;18:07;|;18:07
Nowe Dębe Wielkie;o o;;16:37;17:10;17:10;;17:37;;;|;18:10;|;18:10
Dębe Wielkie;;;16:39;17:12;17:12;;17:39;;;|;18:12;|;18:12
Cisie;o o;;16:41;17:15;17:15;;17:41;;;|;18:15;|;18:15
Halinów;;;16:44;17:18;17:18;;17:44;;;|;18:18;|;18:18
Sulejówek Miłosna;p;;16:47;17:21;17:21;;17:47;;;|;18:21;|;18:21
Sulejówek;o o;;16:48;17:21;17:21;;17:48;;;|;18:21;|;18:21
Sulejówek;;;16:50;17:24;17:24;;17:50;;;|;18:24;|;18:24
W-wa Wola Grzybowska;o o;;16:52;17:26;17:26;;17:52;;;|;18:26;|;18:26
W-wa Wesoła;;;16:55;17:29;17:29;;17:55;;;|;18:29;|;18:29
Warszawa Rembertów;p;;16:58;17:32;17:32; ;17:58; ;;|;18:32;|;18:32
Warszawa Rembertów;o;;16:59;17:33;17:33;17:44;17:59;18:08;;|;18:33;|;18:33
Warszawa Wschodnia;p;;17:05;17:39;17:39;17:50;18:05;18:14;;18:08;18:39;18:08;18:39
Warszawa Wschodnia;o;;17:06;17:40;17:40;17:51;18:06;18:15;;18:09;18:40;18:09;18:40
Warszawa Stadion;o o;;17:09;17:43;17:43;17:54;18:09;18:17;;< ;18:43;< ;18:43
Warszawa Powiśle;;;17:11;17:45;17:45;17:56;18:11;18:20;;< ;18:45;< ;18:45
Warszawa Śródmieście;o;;17:15;17:49;17:49;18:00;18:15;18:23;;< ;18:49;< ;18:49
Warszawa Centralna;p;;< ;< ;< ;< ;< ;< ;;18:15;< ;18:15;< 
Warszawa Centralna;o;;< ;< ;< ;< ;< ;< ;;18:23;< ;18:23;< 
Warszawa Ochota;o p;;17:18;17:52;17:52;18:03;18:18;18:26;;< 18:27;18:52;< 18:27;18:52
Warszawa Zachodnia;;;17:21;17:55;17:55;18:06;18:21;18:29;;;18:55;;18:55
__BEGIN__;;R8;R2;R2;R2;R2;R2;R2;RE2;R2;R2;R2;R2
;;93946/7;91880;91824;91824;91826 (D);11864 (D);91882;91224/5;91842/3;91884;91828/9;91830/1
;;(D);;(D) [1];(D) [2];;;;(D);(D);;(D);(D)
;;;;;;;;;;;;;
Łuków;o o;;;;;;18:08;;;;;;
Krynka Łukowska;;;;;;;18:14;;;;;;
Radomyśl;o o;;;;;;18:17;;;;;;
Dziewule;;;;;;;18:20;;;;;;
Borki Kosy;o o;;;;;;18:24;;;;;;
Kosiorki;;;;;;;18:27;;;;;;
Białki Siedleckie;o o;;;;;;18:30;;;;;;
Siedlce Wschodnie;;;;;;;18:32;;;;;;
Siedlce;p;; ;;;;18:35; ; ;; ;;
Siedlce Zach.;o o;;17:45;;;; ;18:45;19:22;;19:45;;
Siedlce Zach.;;;17:48;;;;;18:48;|;;19:48;;
Sabinka;o o;;17:51;;;;;18:51;|;;19:51;;
Kotuń;;;17:57;;;;;18:57;|;;19:57;;
Koszewnica;o o;;18:01;;;;;19:01;|;;20:01;;
Sosnowe;;;18:04;;;;;19:04;|;;20:04;;
Grodziszcze Maz.;o;;18:08;;;;;19:08;|;;20:08;;
Mrozy;p;;18:12;;;;;19:12;19:39; ;20:12;;
Mrozy;o;;18:12;;;;;19:12;19:40;19:44;20:12;;
Cegłów;o o;;18:17;;;;;19:17;|;19:48;20:17;;
Mienia;;;18:20;;;;;19:20;|;19:52;20:20;;
Barcząca;o o;;18:23;;;;;19:23;|;19:56;20:23;;
Mińsk Maz. Anielina;;;18:26;;;;;19:26;|;19:59;20:26;;
Mińsk Maz.;p;;18:28; ; ; ;;19:28;19:49;20:01;20:28; ; 
Wrzosów;o o;;18:29;18:40;18:43;19:05;;19:29;19:50;20:02;20:29;20:36;21:02
Wrzosów;;;18:34;18:45;18:48;19:10;;19:34;|;20:07;20:34;20:40;21:07
Nowe Dębe Wielkie;o o;;18:37;18:48;18:51;19:13;;19:37;|;20:10;20:37;20:43;21:10
Dębe Wielkie;;;18:39;18:50;18:53;19:15;;19:39;|;20:12;20:39;20:45;21:12
Cisie;o o;;18:41;18:53;18:56;19:18;;19:41;|;20:15;20:41;20:48;21:15
Halinów;;;18:44;18:56;18:59;19:21;;19:44;|;20:18;20:44;20:51;21:18
Sulejówek Miłosna;p;;18:47;18:59;19:02;19:24;;19:47;|;20:21;20:47;20:54;21:21
Sulejówek;o o;;18:48;18:59;19:02;19:24;;19:48;|;20:21;20:48;20:55;21:21
Sulejówek;;;18:50;19:02;19:05;19:27;;19:50;|;20:24;20:50;20:57;21:24
W-wa Wola Grzybowska;o o;;18:52;19:04;19:07;19:29;;19:52;|;20:26;20:52;21:00;21:26
W-wa Wesoła;;;18:55;19:07;19:10;19:32;;19:55;|;20:29;20:55;21:02;21:29
Warszawa Rembertów;p; ;18:58;19:10;19:13;19:35;;19:58;|;20:32;20:58;21:06;21:32
Warszawa Rembertów;o;18:44;18:59;19:11;19:14;19:36;;19:59;|;20:33;20:59;21:07;21:33
Warszawa Wschodnia;p;18:50;19:05;19:17;19:20;19:42;;20:05;20:11;20:39;21:05;21:13;21:39
Warszawa Wschodnia;o;18:51;19:06;19:18;19:21;19:44;;20:06;20:14;20:40;21:06;21:14;21:40
Warszawa Stadion;o o;18:54;19:09;19:21;19:24;19:46;;20:09;< ;20:43;21:09;21:17;21:43
Warszawa Powiśle;;18:56;19:11;19:23;19:26;19:49;;20:11;< ;20:45;21:11;21:19;21:45
Warszawa Śródmieście;o;19:00;19:15;19:27;19:30;19:52;;20:15;< ;20:49;21:15;21:23;21:49
Warszawa Centralna;p;< ;< ;< ;< ;< ;;< ;20:20;< ;< ;< ;< 
Warszawa Centralna;o;< ;< ;< ;< ;< ;;< ;20:22;< ;< ;< ;< 
Warszawa Ochota;o p;19:03;19:18;19:30;19:33;19:55;;20:18;< 20:26;20:52;21:18;21:26;21:52
Warszawa Zachodnia;;19:06;19:21;19:33;19:36;19:58;;20:21;;20:55;21:21;21:29;21:55
__BEGIN__;;R2;R2;R2;R2;R2;R2;R2;R2;;;;
;;11866;91886;91832/3;11868 (D);91888;11870;91848/9;91848/9;;;;
;;;;(D);;;;[1];[2];;;;
;;;;;;;;;;;;;
Łuków;o o;20:03;;;21:13;;22:05;;;;;;
Krynka Łukowska;;20:09;;;21:19;;22:11;;;;;;
Radomyśl;o o;20:12;;;21:22;;22:14;;;;;;
Dziewule;;20:15;;;21:25;;22:17;;;;;;
Borki Kosy;o o;20:19;;;21:29;;22:21;;;;;;
Kosiorki;;20:22;;;21:32;;22:24;;;;;;
Białki Siedleckie;o o;20:25;;;21:35;;22:27;;;;;;
Siedlce Wschodnie;;20:27;;;21:37;;22:29;;;;;;
Siedlce;p;20:30; ;;21:40; ;22:32; ; ;;;;
Siedlce Zach.;o o; ;20:45;; ;21:52; ;22:37;22:37;;;;
Siedlce Zach.;;;20:48;;;21:55;;22:40;22:40;;;;
Sabinka;o o;;20:51;;;21:59;;22:44;22:44;;;;
Kotuń;;;20:57;;;22:04;;22:50;22:50;;;;
Koszewnica;o o;;21:01;;;22:08;;22:55;22:55;;;;
Sosnowe;;;21:04;;;22:11;;22:58;22:58;;;;
Grodziszcze Maz.;o;;21:08;;;22:15;;23:02;23:02;;;;
Mrozy;p;;21:12;;;22:19;;23:06;23:06;;;;
Mrozy;o;;21:12;;;22:20;;23:07;23:07;;;;
Cegłów;o o;;21:17;;;22:24;;23:11;23:11;;;;
Mienia;;;21:20;;;22:27;;23:15;23:15;;;;
Barcząca;o o;;21:23;;;22:31;;23:19;23:19;;;;
Mińsk Maz. Anielina;;;21:26;;;22:34;;23:22;23:22;;;;
Mińsk Maz.;p;;21:28; ;;22:36;;23:25;23:25;;;;
Wrzosów;o o;;21:29;22:02;;22:37;;23:32;23:32;;;;
Wrzosów;;;21:34;22:06;;22:41;;23:36;23:36;;;;
Nowe Dębe Wielkie;o o;;21:37;22:09;;22:44;;23:39;23:39;;;;
Dębe Wielkie;;;21:39;22:11;;22:46;;23:41;23:41;;;;
Cisie;o o;;21:41;22:14;;22:49;;23:44;23:44;;;;
Halinów;;;21:44;22:17;;22:52;;23:47;23:47;;;;
Sulejówek Miłosna;p;;21:47;22:20;;22:55;;23:50;23:50;;;;
Sulejówek;o o;;21:48;22:20;;22:55;;23:51;23:51;;;;
Sulejówek;;;21:50;22:23;;22:57;;23:53;23:53;;;;
W-wa Wola Grzybowska;o o;;21:52;22:25;;23:00;;23:56;23:56;;;;
W-wa Wesoła;;;21:55;22:28;;23:02;;23:58;23:58;;;;
Warszawa Rembertów;p;;21:58;22:31;;23:06;;00:02;00:02;;;;
Warszawa Rembertów;o;;21:59;22:32;;23:07;;00:03;00:03;;;;
Warszawa Wschodnia;p;;22:05;22:38;;23:13;;00:09;00:09;;;;
Warszawa Wschodnia;o;;22:06;22:40;;23:14;;00:11;00:10;;;;
Warszawa Stadion;o o;;22:09;22:43;;23:16;;00:13;00:13;;;;
Warszawa Powiśle;;;22:11;22:45;;23:19;;00:16;00:15;;;;
Warszawa Śródmieście;o;;22:15;22:49;;23:22;;00:19;00:19;;;;
Warszawa Ochota;o p;;22:18;22:52;;23:25;;00:22;00:22;;;;
Warszawa Zachodnia;;;22:21;22:55;;23:28;;00:25;00:25;;;;
