R2;;;R2;R2;R2;R2;R2;R2;R2;R2;R2;R2;R2;R2
Warszawa - £uków wa¿ny od 23.XI do 8.XII;;;19801;19801;19891;19851;19891;19851;19853;10451;19841 (D);21610/1;93828/9;10453 (D)
Km Od stacji : ;;;[1];[2];(D) [3];(C) [4];[5];[6];;;;(D);(D);
;;;;;;;;;;;;Radom;¯yrardów;
0;Warszawa Zachodnia Warszawa Ochota;o o;00:24;00:30 <;03:36;03:36;03:39 <;03:39 <;04:17;;04:43;05:10;05:14;
2,175;;;00:28;;03:40;03:40;;;04:21;;04:47;05:14;05:18;
3,082;Warszawa Œródmieœcie;o;00:31;< ;03:43;03:43;< ;< ;04:24;;04:50;05:17;05:21;
3,082;Warszawa Centralna;p;< ;00:34;< ;< ;03:43;03:43;< ;;< ;< ;< ;
;;o;< ;00:35;< ;< ;03:44;03:44;< ;;< ;< ;< ;
4,872;Warszawa Powiœle Warszawa Stadion;o o;00:34;< ;03:46;03:46;< ;< ;04:27;;04:53;05:20;05:24;
6,278;;;00:37;< ;03:48;03:48;< ;< ;04:30;;04:56;05:22;05:26;
7,336;Warszawa Wschodnia;p;00:39;00:41;03:50;03:50;03:50;03:50;04:32;;04:58;05:24;05:28;
;;o;00:40;00:42;03:51;03:51;03:51;03:51;04:33;;05:01;05:25;05:30;
14,835;Warszawa Rembertów;p;00:47;00:50;03:58;03:58;03:58;03:58;04:39;;05:08;05:32;05:37;
;;o;00:48;00:51;03:59;03:59;03:59;03:59;04:40;;05:09;05:33;05:38;
19,467;W-wa Weso³a;o o;00:53;00:56;04:04;04:04;04:04;04:04;04:45;;05:14;05:38;05:43;
21,265;W-wa Wola Grzybowska;;00:55;00:58;04:07;04:07;04:07;04:07;04:47;;05:17;05:41;05:45;
23,071;Sulejówek;o;00:58;01:01;04:09;04:09;04:09;04:09;04:50;;05:19;05:43;05:48;
24,649;Sulejówek Mi³osna;p;01:00;01:03;04:11;04:11;04:11;04:11;04:51;;05:21;05:45;05:50;
;;o;01:00;01:03;04:12;04:12;04:12;04:12;04:52;;05:22;05:46;05:50;
28,746;Halinów Cisie;o o;01:04;01:07;04:15;04:15;04:15;04:15;04:55;;05:25;05:49;05:54;
31,895;;;01:07;01:10;04:18;04:18;04:18;04:18;04:58;;05:28;05:52;05:57;
34,433;Dêbe Wielkie;o o;01:10;01:13;04:21;04:21;04:21;04:21;05:01;;05:31;05:55;06:00;
35,743;Nowe Dêbe Wielkie;;01:12;01:15;04:24;04:24;04:24;04:24;05:03;;05:33;05:57;06:02;
38,882;Wrzosów;o;01:15;01:18;04:27;04:27;04:27;04:27;05:06;;05:36;06:00;06:05;
43,677;Miñsk Maz.;p;01:19;01:22;04:31;04:31;04:31;04:31;05:09;;05:41;06:04;06:09;
;;o; ; ;04:32;04:32;04:32;04:32;05:10;;05:45;06:05; ;
46,169;Miñsk Maz. Anielina Barcz¹ca;o o;;;04:35;04:35;04:35;04:35;05:13;;05:48;06:08;;
49,225;;;;;04:38;04:38;04:38;04:38;05:16;;05:51;06:11;;
53,486;Mienia Ceg³ów;o o;;;04:41;04:41;04:41;04:41;05:19;;05:54;06:15;;
56,866;;;;;04:45;04:45;04:45;04:45;05:22;;05:58;06:18;;
61,767;Mrozy;p;;;04:48;04:48;04:48;04:48;05:26;;06:02;06:22;;
66,876;Grodziszcze Maz.;o o;;;04:49;04:49;04:49;04:49;05:26;; ; ;;
;;;;;04:53;04:53;04:53;04:53;05:30;;;;;
71,847;Sosnowe Koszewnica;o o;;;04:57;04:57;04:57;04:57;05:34;;;;;
75,251;;;;;05:00;05:00;05:00;05:00;05:37;;;;;
80,51;Kotuñ Sabinka;o o;;;05:05;05:05;05:05;05:05;05:41;;;;;
88,427;;;;;05:10;05:10;05:10;05:10;05:46;;;;;
92,945;Siedlce Zach.;o;;;05:14;05:14;05:14;05:14;05:50;;;;;
95,776;Siedlce;p;;;05:17;05:17;05:17;05:17;05:53; ;;;; 
;;o;;;05:18; ;05:18; ; ;06:02;;;;07:07
98,496;Siedlce Wschodnie;o o;;;05:21;;05:21;;;06:05;;;;07:10
100,417;Bia³ki Siedleckie;;;;05:24;;05:24;;;06:07;;;;07:13
103,415;Kosiorki;o o;;;05:27;;05:27;;;06:10;;;;07:16
105,962;Borki Kosy;;;;05:30;;05:30;;;06:13;;;;07:19
110,404;Dziewule Radomyœl;o o;;;05:34;;05:34;;;06:17;;;;07:23
113,036;;;;;05:37;;05:37;;;06:20;;;;07:26
115,76;Krynka £ukowska;o p;;;05:40;;05:40;;;06:23;;;;07:29
123,53;£uków;;;;05:45;;05:45;;;06:29;;;;07:34
Do stacji : ;;;;;;;;;;;;;;
LEGENDA :;;;;;;;;;;;;;;
(C) kursuje w soboty, niedziele i œwiêta;;;;;;;;;;;;;;
(D) kursuje od poniedzia³ku do pi¹tku oprócz œwi¹tUWAGI :;;;;;;;;;;;;;;
[1]   kursuje oprócz 1-4.XII;;;;;;;;;;;;;;
[2]   kursuje 1-4.XII;;;;;;;;;;;;;;
[3]   kursuje w (D) oprócz 3-4.XII;;;;;;;;;;;;;;
[4]   kursuje w (C) oprócz 1-2.XII;;;;;;;;;;;;;;
[5]   kursuje 3-4.XII;;;;;;;;;;;;;;
[6]   kursuje 1-2.XII;;;;;;;;;;;;;;
R2;;;R2;R2;93860/1;R2;R2;R2;R2;R2;R2;R2;R2;R2
Warszawa - £uków wa¿ny od 23.XI do 8.XII;;;19855;21800/1;BOLIMEK;93950/1;21614/5;93940/1;19857;10455;93800/1;93952/3;19859;93822/3
Km Od stacji : ;;;;(D);(D);(D);(D);(D);;;;(D);;(D)
;;;;Radom;¯yrardów;Sochaczew;Radom;£owicz G³ówny;;;£owicz G³ówny;Sochaczew;;GRODZISK MAZ.
0;Warszawa Zachodnia Warszawa Ochota;o o;05:47;06:02;06:14 <;06:17;06:28;06:40;06:47;;07:17;07:36;07:47;08:02
2,175;;;05:51;06:06;;06:21;06:32;06:44;06:51;;07:21;07:40;07:51;08:06
3,082;Warszawa Œródmieœcie;o;05:54;06:09;< ;06:24;06:35;06:47;06:54;;07:24;07:43;07:54;08:09
3,082;Warszawa Centralna;p;< ;< ;06:18;< ;< ;< ;< ;;< ;< ;< ;< 
;;o;< ;< ;06:25;< ;< ;< ;< ;;< ;< ;< ;< 
4,872;Warszawa Powiœle Warszawa Stadion;o o;05:57;06:12;< ;06:27;06:38;06:50;06:57;;07:27;07:46;07:57;08:12
6,278;;;06:00;06:15;< ;06:30;06:41;06:52;07:00;;07:30;07:48;08:00;08:14
7,336;Warszawa Wschodnia;p;06:02;06:17;06:31;06:32;06:43;06:54;07:02;;07:32;07:50;08:02;08:16
;;o;06:04;06:18;06:32;06:33;06:51;06:55;07:03;;07:33;07:51;08:04;08:21
14,835;Warszawa Rembertów;p;06:12;06:25;|;06:40;06:57;07:02;07:09;;07:39;07:58;08:11;08:28
;;o;06:13;06:26;|; ;06:58; ;07:10;;07:40; ;08:12;08:29
19,467;W-wa Weso³a;o o;06:17;06:31;|;;07:03;;07:14;;07:44;;08:16;08:34
21,265;W-wa Wola Grzybowska;;06:20;06:33;|;;07:05;;07:16;;07:47;;08:19;08:36
23,071;Sulejówek;o;06:22;06:36;|;;07:08;;07:19;;07:49;;08:21;08:39
24,649;Sulejówek Mi³osna;p;06:24;06:38;|;;07:10;;07:21;;07:51;;08:23;08:41
;;o;06:24;06:38;|;;07:10;;07:21;;07:52;;08:23;08:41
28,746;Halinów Cisie;o o;06:28;06:42;06:51;;07:14;;07:24;;07:55;;08:27;08:45
31,895;;;06:31;06:45;|;;07:18;;07:27;;07:58;;08:30;08:48
34,433;Dêbe Wielkie;o o;06:33;06:48;|;;07:21;;07:30;;08:01;;08:32;08:51
35,743;Nowe Dêbe Wielkie;;06:36;06:50;|;;07:23;;07:32;;08:03;;08:34;08:53
38,882;Wrzosów;o;06:39;06:53;|;;07:26;;07:35;;08:06;;08:37;08:56
43,677;Miñsk Maz.;p;06:42;06:57;07:01;;07:31;;07:39;;08:10;;08:41;09:00
;;o;06:43; ;07:02;; ;;07:40;; ;;08:42; 
46,169;Miñsk Maz. Anielina Barcz¹ca;o o;06:46;;|;;;;07:42;;;;08:44;
49,225;;;06:49;;|;;;;07:45;;;;08:47;
53,486;Mienia Ceg³ów;o o;06:53;;|;;;;07:49;;;;08:51;
56,866;;;06:56;;07:10;;;;07:52;;;;08:54;
61,767;Mrozy;p;06:59;;07:13;;;;07:55;;;;08:57;
66,876;Grodziszcze Maz.;o o;07:00;;07:14;;;;07:56;;;;08:58;
;;;07:04;;|;;;;08:00;;;;09:02;
71,847;Sosnowe Koszewnica;o o;07:08;;|;;;;08:04;;;;09:06;
75,251;;;07:11;;|;;;;08:07;;;;09:09;
80,51;Kotuñ Sabinka;o o;07:15;;07:23;;;;08:11;;;;09:13;
88,427;;;07:20;;|;;;;08:16;;;;09:18;
92,945;Siedlce Zach.;o;07:24;;07:30;;;;08:19;;;;09:21;
95,776;Siedlce;p;07:27;;07:32;;;;08:22; ;;;09:24;
;;o; ;; ;;;; ;08:32;;; ;
98,496;Siedlce Wschodnie;o o;;;;;;;;08:35;;;;
100,417;Bia³ki Siedleckie;;;;;;;;;08:38;;;;
103,415;Kosiorki;o o;;;;;;;;08:41;;;;
105,962;Borki Kosy;;;;;;;;;08:44;;;;
110,404;Dziewule Radomyœl;o o;;;;;;;;08:48;;;;
113,036;;;;;;;;;;08:51;;;;
115,76;Krynka £ukowska;o p;;;;;;;;08:54;;;;
123,53;£uków;;;;;;;;;08:59;;;;
Do stacji : ;;;;;;;;;;;;;;
LEGENDA :;;;;;;;;;;;;;;
(D) kursuje od poniedzia³ku do pi¹tku oprócz œwi¹t;;;;;;;;;;;;;;
;;;;;;;;;;;;;;
R2;;;R2;R2;R2;R2;R2;R2;R2;R2;R2;R2;R2;R2
Warszawa - £uków wa¿ny od 23.XI do 8.XII;;;19861;11801;93802/3;93958/9;19863;10457;19805 (D);19865;19865;11803;19807 (D);19867
Km Od stacji : ;;;;;(D);(D);;;;(E);[1];;;
;;;;;£owicz G³ówny;¯yrardów;;;;;;;;
0;Warszawa Zachodnia Warszawa Ochota;o o;08:40;;09:17;09:21;09:47;;10:14;10:36;10:36;;11:17;11:47
2,175;;;08:44;;09:21;09:25;09:51;;10:18;10:40;10:40;;11:21;11:51
3,082;Warszawa Œródmieœcie;o;08:47;;09:24;09:28;09:54;;10:21;10:43;10:43;;11:24;11:54
3,082;Warszawa Centralna;p;< ;;< ;< ;< ;;< ;< ;< ;;< ;< 
;;o;< ;;< ;< ;< ;;< ;< ;< ;;< ;< 
4,872;Warszawa Powiœle Warszawa Stadion;o o;08:50;;09:27;09:31;09:57;;10:24;10:46;10:46;;11:27;11:57
6,278;;;08:52;;09:30;09:33;10:00;;10:26;10:48;10:48;;11:30;12:00
7,336;Warszawa Wschodnia;p;08:54;;09:32;09:35;10:02;;10:28;10:50;10:50;;11:32;12:02
;;o;08:59;;09:33;09:36;10:03;;10:29;10:51;10:51;;11:33;12:03
14,835;Warszawa Rembertów;p;09:05;;09:39;09:43;10:09;;10:36;10:57;10:58;;11:39;12:09
;;o;09:06;;09:40; ;10:10;;10:37;10:58;10:59;;11:40;12:10
19,467;W-wa Weso³a;o o;09:11;;09:44;;10:15;;10:41;11:02;11:03;;11:44;12:15
21,265;W-wa Wola Grzybowska;;09:13;;09:47;;10:17;;10:43;11:05;11:05;;11:47;12:17
23,071;Sulejówek;o;09:16;;09:49;;10:20;;10:46;11:07;11:08;;11:49;12:20
24,649;Sulejówek Mi³osna;p;09:17;;09:51;;10:21;;10:48;11:09;11:10;;11:51;12:21
;;o;09:18;;09:52;;10:22;;10:48;11:09;11:10;;11:52;12:22
28,746;Halinów Cisie;o o;09:21;;09:55;;10:25;;10:52;11:13;11:14;;11:56;12:25
31,895;;;09:24;;09:58;;10:28;;10:55;11:16;11:17;;11:59;12:28
34,433;Dêbe Wielkie;o o;09:27;;10:01;;10:31;;10:58;11:18;11:20;;12:02;12:31
35,743;Nowe Dêbe Wielkie;;09:29;;10:04;;10:33;;11:00;11:20;11:22;;12:04;12:33
38,882;Wrzosów;o;09:32;;10:07;;10:36;;11:03;11:23;11:25;;12:07;12:36
43,677;Miñsk Maz.;p;09:35;;10:12;;10:39;;11:07;11:27;11:29;;12:11;12:39
;;o;09:36;; ;;10:40;; ;11:28;11:30;; ;12:40
46,169;Miñsk Maz. Anielina Barcz¹ca;o o;09:39;;;;10:43;;;11:30;11:33;;;12:43
49,225;;;09:42;;;;10:46;;;11:33;11:36;;;12:46
53,486;Mienia Ceg³ów;o o;09:45;;;;10:49;;;11:37;11:40;;;12:49
56,866;;;09:48;;;;10:52;;;11:40;11:43;;;12:52
61,767;Mrozy;p;09:52;;;;10:56;;;11:43;11:47;;;12:56
66,876;Grodziszcze Maz.;o o;09:52;;;;10:56;;;11:44;11:47;;;12:56
;;;09:56;;;;11:00;;;11:48;11:51;;;13:00
71,847;Sosnowe Koszewnica;o o;10:00;;;;11:04;;;11:52;11:55;;;13:04
75,251;;;10:03;;;;11:07;;;11:55;11:59;;;13:07
80,51;Kotuñ Sabinka;o o;10:07;;;;11:11;;;11:59;12:03;;;13:11
88,427;;;10:12;;;;11:16;;;12:04;12:09;;;13:16
92,945;Siedlce Zach.;o;10:16;;;;11:19;;;12:07;12:13;;;13:19
95,776;Siedlce;p;10:19; ;;;11:22; ;;12:10;12:15; ;;13:22
;;o; ;10:24;;; ;11:35;; ; ;12:16;; 
98,496;Siedlce Wschodnie;o o;;10:28;;;;11:38;;;;12:19;;
100,417;Bia³ki Siedleckie;;;10:31;;;;11:41;;;;12:22;;
103,415;Kosiorki;o o;;10:34;;;;11:44;;;;12:25;;
105,962;Borki Kosy;;;10:37;;;;11:47;;;;12:28;;
110,404;Dziewule Radomyœl;o o;;10:41;;;;11:51;;;;12:32;;
113,036;;;;10:44;;;;11:54;;;;12:35;;
115,76;Krynka £ukowska;o p;;10:47;;;;11:57;;;;12:38;;
123,53;£uków;;;10:53;;;;12:02;;;;12:44;;
Do stacji : ;;;;Terespol;;;;;;;;Terespol;;
LEGENDA :;;;;;;;;;;;;;;
(D) kursuje od poniedzia³ku do pi¹tku oprócz œwi¹t (E) kursuje od poniedzia³ku do soboty oprócz œwi¹t kolorem niebieskim oznaczono poc. spó³ki Przewozy Regionalne UWAGI :;;;;;;;;;;;;;;
R2;;;R2;R2;19251 CZEREMSZAK;R2;R2;R2;R2;R2;R2;R2;R2;R2
Warszawa - £uków wa¿ny od 23.XI do 8.XII;;;10459;93810/1;;19869;10461 (D);93804/5;19871;10463;93812/3;19873;19809;11805
Km Od stacji : ;;;;(D);;;;;;;;;;
;;;;Sochaczew;;;;£owicz G³ówny;;;Sochaczew;;;
0;Warszawa Zachodnia Warszawa Ochota;o o;;12:10;;12:47;;12:58;13:36;;14:13;14:47;14:58;
2,175;;;;12:14;;12:51;;13:02;13:40;;14:17;14:51;15:02;
3,082;Warszawa Œródmieœcie;o;;12:17;;12:54;;13:05;13:43;;14:20;14:54;15:05;
3,082;Warszawa Centralna;p;;< ;;< ;;< ;< ;;< ;< ;< ;
;;o;;< ;;< ;;< ;< ;;< ;< ;< ;
4,872;Warszawa Powiœle Warszawa Stadion;o o;;12:20;;12:57;;13:08;13:46;;14:23;14:57;15:08;
6,278;;;;12:22;;13:00;;13:11;13:49;;14:25;15:00;15:11;
7,336;Warszawa Wschodnia;p;;12:24; ;13:02;;13:13;13:51;;14:27;15:02;15:13;
;;o;;12:25;12:47;13:03;;13:15;13:52;;14:28;15:03;15:14;
14,835;Warszawa Rembertów;p;;12:32;12:56;13:09;;13:22;13:59;;14:35;15:09;15:20;
;;o;;12:33;12:57;13:10;;13:23;14:00;;14:36;15:10;15:21;
19,467;W-wa Weso³a;o o;;12:37;|;13:15;;13:28;14:04;;14:41;15:15;15:25;
21,265;W-wa Wola Grzybowska;;;12:40;|;13:17;;13:30;14:06;;14:43;15:17;15:27;
23,071;Sulejówek;o;;12:42;|;13:20;;13:33;14:09;;14:46;15:20;15:30;
24,649;Sulejówek Mi³osna;p;;12:44;|;13:21;;13:35;14:11;;14:48;15:21;15:32;
;;o;;12:45;|;13:22;;13:36;14:11;;14:48;15:22;15:32;
28,746;Halinów Cisie;o o;;12:48;13:07;13:25;;13:40;14:15;;14:52;15:25;15:36;
31,895;;;;12:51;|;13:28;;13:43;14:18;;14:55;15:28;15:39;
34,433;Dêbe Wielkie;o o;;12:54;|;13:31;;13:46;14:20;;14:58;15:31;15:42;
35,743;Nowe Dêbe Wielkie;;;12:56;|;13:33;;13:48;14:22;;15:00;15:33;15:44;
38,882;Wrzosów;o;;12:59;|;13:36;;13:51;14:25;;15:03;15:36;15:47;
43,677;Miñsk Maz.;p;;13:04;13:17;13:39;;13:55;14:29;;15:08;15:39;15:51;
;;o;; ;13:18;13:40;; ;14:40;; ;15:40; ;
46,169;Miñsk Maz. Anielina Barcz¹ca;o o;;;13:21;13:43;;;14:42;;;15:43;;
49,225;;;;;|;13:46;;;14:45;;;15:46;;
53,486;Mienia Ceg³ów;o o;;;|;13:49;;;14:49;;;15:49;;
56,866;;;;;13:29;13:52;;;14:52;;;15:52;;
61,767;Mrozy;p;;;13:33;13:56;;;14:55;;;15:56;;
66,876;Grodziszcze Maz.;o o;;;13:33;13:56;;;14:56;;;15:56;;
;;;;;|;14:00;;;15:00;;;16:00;;
71,847;Sosnowe Koszewnica;o o;;;|;14:04;;;15:04;;;16:04;;
75,251;;;;;|;14:07;;;15:07;;;16:07;;
80,51;Kotuñ Sabinka;o o;;;13:45;14:11;;;15:11;;;16:11;;
88,427;;;;;|;14:16;;;15:16;;;16:16;;
92,945;Siedlce Zach.;o;;;13:54;14:19;;;15:19;;;16:19;;
95,776;Siedlce;p; ;;13:57;14:22; ;;15:22; ;;16:22;; 
;;o;13:35;;13:58; ;14:35;; ;15:52;; ;;16:39
98,496;Siedlce Wschodnie;o o;13:38;;;;14:38;;;15:55;;;;16:42
100,417;Bia³ki Siedleckie;;13:41;;;;14:41;;;15:58;;;;16:45
103,415;Kosiorki;o o;13:44;;;;14:44;;;16:01;;;;16:48
105,962;Borki Kosy;;13:47;;;;14:47;;;16:04;;;;16:51
110,404;Dziewule Radomyœl;o o;13:51;;;;14:51;;;16:08;;;;16:55
113,036;;;13:54;;;;14:54;;;16:11;;;;16:58
115,76;Krynka £ukowska;o p;13:57;;;;14:57;;;16:14;;;;17:01
123,53;£uków;;14:02;;;;15:02;;;16:19;;;;17:07
Do stacji : ;;;;;Czeremcha;;;;;;;;;Terespol
[1];kursuje w (7) LEGENDA :;;;;;;;;;;;;;
(D) kursuje od poniedzia³ku do pi¹tku oprócz œwi¹t kolorem niebieskim oznaczono poc. spó³ki Przewozy Regionalne;;;;;;;;;;;;;;
;;;;;;;;;;;;;;
R2;;;R2;RE2;R2;R2;R2;R2;19231;RE7;R2;R2;R2;R2
Warszawa - £uków wa¿ny od 23.XI do 8.XII;;;21940/1;19221 (D);93840/1;19875;93824/5;99223 (D);£UKOWIANKA;19213;93842/3;19877;10465;93850/1
Km Od stacji : ;;;(D);;(D);;(D);;(B);(B) [1];(D);;;(D)
;;;Warka;;B³onie;;GRODZISK MAZ.;;;;B³onie;;;Góra Kalwaria
0;Warszawa Zachodnia Warszawa Ochota;o o;15:09;15:15 <;15:28;15:47;16:06;16:10;16:22 <;;16:36;16:47;;16:59
2,175;;;15:13;;15:32;15:51;16:10;16:14;;;16:40;16:51;;17:03
3,082;Warszawa Œródmieœcie;o;15:16;< ;15:35;15:54;16:13;16:17;< ;;16:43;16:54;;17:06
3,082;Warszawa Centralna;p;< ;15:19;< ;< ;< ;< ;16:26;;< ;< ;;< 
;;o;< ;15:25;< ;< ;< ;< ;16:30;;< ;< ;;< 
4,872;Warszawa Powiœle Warszawa Stadion;o o;15:19;< ;15:38;15:57;16:16;16:20;< ;;16:46;16:57;;17:09
6,278;;;15:22;< ;15:41;16:00;16:18;16:22;< ;;16:48;17:00;;17:11
7,336;Warszawa Wschodnia;p;15:24;15:31;15:43;16:02;16:20;16:24;16:36; ;16:50;17:02;;17:13
;;o;15:25;15:32;15:44;16:04;16:21;16:25;16:37;16:47;16:51;17:03;;17:14
14,835;Warszawa Rembertów;p;15:32;|;15:50;16:10;16:28;16:32;|;|;16:58;17:09;;17:21
;;o; ;|;15:51;16:11;16:29; ;|;|;16:59;17:10;; 
19,467;W-wa Weso³a;o o;;|;15:55;16:16;16:33;;|;|;17:03;17:15;;
21,265;W-wa Wola Grzybowska;;;|;15:57;16:18;16:36;;|;|;17:05;17:17;;
23,071;Sulejówek;o;;|;16:00;16:21;16:38;;|;|;17:08;17:20;;
24,649;Sulejówek Mi³osna;p;;|;16:02;16:22;16:40;;|;17:04;17:10;17:21;;
;;o;;|;16:02;16:32;16:41;;|;17:05;17:10;17:22;;
28,746;Halinów Cisie;o o;;15:47;16:06;16:35;16:44;;16:53;|;17:14;17:25;;
31,895;;;;|;16:09;16:38;16:47;;|;|;17:17;17:28;;
34,433;Dêbe Wielkie;o o;;|;16:12;16:41;16:50;;|;|;17:20;17:31;;
35,743;Nowe Dêbe Wielkie;;;|;16:14;16:43;16:52;;|;|;17:22;17:33;;
38,882;Wrzosów;o;;|;16:17;16:46;16:55;;|;|;17:25;17:36;;
43,677;Miñsk Maz.;p;;15:57;16:21;16:49;16:59;;17:03;;17:29;17:39;;
;;o;;15:58;16:29;16:50; ;;17:05;;17:30;17:40;;
46,169;Miñsk Maz. Anielina Barcz¹ca;o o;;|;16:32;16:53;;;|;;17:33;17:43;;
49,225;;;;|;16:35;16:56;;;|;;17:36;17:46;;
53,486;Mienia Ceg³ów;o o;;|;16:38;16:59;;;|;;17:39;17:50;;
56,866;;;;16:05;16:42;17:02;;;17:12;;17:43;17:53;;
61,767;Mrozy;p;;16:08;16:46;17:06;;;17:16;;17:47;17:56;;
66,876;Grodziszcze Maz.;o o;;16:09; ;17:06;;;17:17;; ;17:57;;
;;;;|;;17:10;;;|;;;18:01;;
71,847;Sosnowe Koszewnica;o o;;|;;17:14;;;|;;;18:04;;
75,251;;;;|;;17:17;;;|;;;18:08;;
80,51;Kotuñ Sabinka;o o;;16:18;;17:21;;;17:27;;;18:12;;
88,427;;;;|;;17:26;;;|;;;18:18;;
92,945;Siedlce Zach.;o;;16:25;;17:29;;;17:34;;;18:22;;
95,776;Siedlce;p;;16:28;;17:32;;;17:37;;;18:25; ;
;;o;; ;; ;;;17:39;;; ;18:30;
98,496;Siedlce Wschodnie;o o;;;;;;;17:43;;;;18:33;
100,417;Bia³ki Siedleckie;;;;;;;;17:46;;;;18:36;
103,415;Kosiorki;o o;;;;;;;17:49;;;;18:39;
105,962;Borki Kosy;;;;;;;;17:52;;;;18:42;
110,404;Dziewule Radomyœl;o o;;;;;;;17:56;;;;18:46;
113,036;;;;;;;;;17:59;;;;18:49;
115,76;Krynka £ukowska;o p;;;;;;;18:02;;;;18:52;
123,53;£uków;;;;;;;;18:08;;;;18:57;
Do stacji : ;;;;;;;;;;Pilawa;;;;
UWAGI :;;;;;;;;;;;;;;
;[1];poc. kursuje przez Sulejówek Mi³osna;;;;;;;;;;;;
;;;;;;;;;;;;;;
R2;;;R2;R2;RE2;R2;R2;R2;R2;R2;R2;RE2;R2;R2
Warszawa - £uków wa¿ny od 23.XI do 8.XII;;;19223 (B);19813 (D);93862/3;93946/7;19879;10467 (D);93740/1;19881;21632/3;19233 (B);19883;10469
Km Od stacji : ;;;;;(D);(D);;;(D);;(D);;;
;;;;;¯yrardów;Piaseczno;;;GRODZISK MAZ.;;Radom;;;
0;Warszawa Zachodnia Warszawa Ochota;o o;17:06;17:25;17:28 <;17:43;17:47;;18:17;18:47;19:17;19:30 <;19:47;
2,175;;;17:10;17:29;;17:47;17:51;;18:21;18:51;19:21;;19:51;
3,082;Warszawa Œródmieœcie;o;17:13;17:32;< ;17:50;17:54;;18:24;18:54;19:24;< ;19:54;
3,082;Warszawa Centralna;p;< ;< ;17:32;< ;< ;;< ;< ;< ;19:34;< ;
;;o;< ;< ;17:40;< ;< ;;< ;< ;< ;19:40;< ;
4,872;Warszawa Powiœle Warszawa Stadion;o o;17:16;17:35;< ;17:53;17:57;;18:27;18:57;19:27;< ;19:57;
6,278;;;17:19;17:37;< ;17:56;18:00;;18:29;19:00;19:30;< ;20:00;
7,336;Warszawa Wschodnia;p;17:21;17:39;17:46;17:58;18:02;;18:31;19:02;19:32;19:46;20:02;
;;o;17:22;17:40;17:53;17:59;18:04;;18:33;19:03;19:33;19:51;20:03;
14,835;Warszawa Rembertów;p;17:29;17:47;|;18:06;18:10;;18:40;19:09;19:39;|;20:09;
;;o;17:30;17:48;|; ;18:11;;18:41;19:10;19:40;|;20:10;
19,467;W-wa Weso³a;o o;17:34;17:52;|;;18:16;;18:46;19:15;19:45;|;20:15;
21,265;W-wa Wola Grzybowska;;17:37;17:54;|;;18:18;;18:48;19:17;19:48;|;20:17;
23,071;Sulejówek;o;17:39;17:57;|;;18:21;;18:51;19:20;19:50;|;20:20;
24,649;Sulejówek Mi³osna;p;17:41;17:59;|;;18:22;;18:53;19:21;19:52;|;20:21;
;;o;17:42;17:59;|;;18:23;;18:54;19:22;19:53;|;20:22;
28,746;Halinów Cisie;o o;17:45;18:03;18:11;;18:26;;18:58;19:25;19:56;20:06;20:25;
31,895;;;17:48;18:06;|;;18:29;;19:01;19:28;19:59;|;20:28;
34,433;Dêbe Wielkie;o o;17:51;18:09;|;;18:32;;19:04;19:31;20:02;|;20:31;
35,743;Nowe Dêbe Wielkie;;17:53;18:11;|;;18:34;;19:06;19:33;20:04;|;20:33;
38,882;Wrzosów;o;17:56;18:14;|;;18:37;;19:09;19:36;20:07;|;20:36;
43,677;Miñsk Maz.;p;18:00;18:18;18:22;;18:40;;19:14;19:39;20:11;20:15;20:39;
;;o;18:01; ;18:23;;18:41;; ;19:40; ;20:16;20:48;
46,169;Miñsk Maz. Anielina Barcz¹ca;o o;18:04;;|;;18:44;;;19:43;;|;20:50;
49,225;;;18:07;;|;;18:47;;;19:46;;|;20:53;
53,486;Mienia Ceg³ów;o o;18:10;;|;;18:50;;;19:49;;|;20:57;
56,866;;;18:14;;18:30;;18:53;;;19:52;;20:23;21:00;
61,767;Mrozy;p;18:17;;18:33;;18:57;;;19:56;;20:27;21:03;
66,876;Grodziszcze Maz.;o o;18:18;;18:34;;18:57;;;19:56;;20:28;21:04;
;;;18:22;;|;;19:01;;;20:00;;|;21:08;
71,847;Sosnowe Koszewnica;o o;18:26;;|;;19:05;;;20:04;;|;21:12;
75,251;;;18:29;;|;;19:08;;;20:07;;|;21:15;
80,51;Kotuñ Sabinka;o o;18:33;;18:43;;19:12;;;20:11;;20:37;21:19;
88,427;;;18:38;;|;;19:17;;;20:16;;|;21:24;
92,945;Siedlce Zach.;o;18:42;;18:49;;19:20;;;20:19;;20:44;21:27;
95,776;Siedlce;p;18:45;;18:52;;19:23; ;;20:22;;20:47;21:30; 
;;o; ;; ;; ;19:33;; ;;20:48; ;21:35
98,496;Siedlce Wschodnie;o o;;;;;;19:36;;;;20:51;;21:38
100,417;Bia³ki Siedleckie;;;;;;;19:39;;;;20:53;;21:41
103,415;Kosiorki;o o;;;;;;19:42;;;;20:56;;21:44
105,962;Borki Kosy;;;;;;;19:45;;;;20:59;;21:47
110,404;Dziewule Radomyœl;o o;;;;;;19:49;;;;21:03;;21:51
113,036;;;;;;;;19:52;;;;21:06;;21:54
115,76;Krynka £ukowska;o p;;;;;;19:55;;;;21:09;;21:57
123,53;£uków;;;;;;;20:00;;;;21:14;;22:02
Do stacji : ;;;;;;;;;;;;;;
R2;;;R2;R2;R2;R2;R2;R2;R2;;;;;
Warszawa - £uków wa¿ny od 23.XI do 8.XII;;;93826/7;19885;19817 (B);19887;19893;19889;19889;;;;;
Km Od stacji : ;;;(D);;;;;[1];[2];;;;;
;;;GRODZISK MAZ.;;;;;;;;;;;
0;Warszawa Zachodnia Warszawa Ochota;o o;20:17;20:47;21:13;21:47;22:47;23:47;23:49 <;;;;;
2,175;;;20:21;20:51;21:17;21:51;22:51;23:51;;;;;;
3,082;Warszawa Œródmieœcie;o;20:24;20:54;21:20;21:54;22:54;23:54;< ;;;;;
3,082;Warszawa Centralna;p;< ;< ;< ;< ;< ;< ;23:53;;;;;
;;o;< ;< ;< ;< ;< ;< ;23:54;;;;;
4,872;Warszawa Powiœle Warszawa Stadion;o o;20:27;20:57;21:23;21:57;22:57;23:57;< ;;;;;
6,278;;;20:30;21:00;21:26;22:00;23:00;00:00;< ;;;;;
7,336;Warszawa Wschodnia;p;20:32;21:02;21:28;22:02;23:02;00:02;00:00;;;;;
;;o;20:33;21:03;21:29;22:03;23:03;00:03;00:01;;;;;
14,835;Warszawa Rembertów;p;20:39;21:09;21:35;22:09;23:09;00:09;00:09;;;;;
;;o;20:40;21:10;21:36;22:10;23:10;00:10;00:10;;;;;
19,467;W-wa Weso³a;o o;20:45;21:15;21:41;22:15;23:15;00:15;00:15;;;;;
21,265;W-wa Wola Grzybowska;;20:48;21:17;21:44;22:17;23:17;00:17;00:17;;;;;
23,071;Sulejówek;o;20:50;21:20;21:46;22:20;23:20;00:20;00:20;;;;;
24,649;Sulejówek Mi³osna;p;20:52;21:21;21:49;22:21;23:21;00:22;00:22;;;;;
;;o;20:53;21:22;21:49;22:22;23:22;00:22;00:22;;;;;
28,746;Halinów Cisie;o o;20:57;21:25;21:53;22:25;23:25;00:26;00:26;;;;;
31,895;;;21:00;21:28;21:56;22:28;23:28;00:29;00:29;;;;;
34,433;Dêbe Wielkie;o o;21:03;21:31;21:59;22:31;23:31;00:32;00:32;;;;;
35,743;Nowe Dêbe Wielkie;;21:05;21:33;22:01;22:33;23:33;00:34;00:34;;;;;
38,882;Wrzosów;o;21:09;21:36;22:04;22:36;23:36;00:37;00:37;;;;;
43,677;Miñsk Maz.;p;21:13;21:39;22:09;22:39;23:39;00:41;00:41;;;;;
;;o; ;21:40; ;22:40;23:40;00:42;00:42;;;;;
46,169;Miñsk Maz. Anielina Barcz¹ca;o o;;21:43;;22:43;23:43;00:45;00:45;;;;;
49,225;;;;21:46;;22:46;23:46;00:48;00:48;;;;;
53,486;Mienia Ceg³ów;o o;;21:49;;22:50;23:50;00:51;00:51;;;;;
56,866;;;;21:52;;22:53;23:53;00:55;00:55;;;;;
61,767;Mrozy;p;;21:56;;22:56;23:56;00:59;00:59;;;;;
66,876;Grodziszcze Maz.;o o;;21:56;;22:57;23:57;00:59;00:59;;;;;
;;;;22:00;;23:01;00:01;01:03;01:03;;;;;
71,847;Sosnowe Koszewnica;o o;;22:04;;23:05;00:05;01:07;01:07;;;;;
75,251;;;;22:07;;23:08;00:08;01:10;01:10;;;;;
80,51;Kotuñ Sabinka;o o;;22:11;;23:12;00:12;01:14;01:14;;;;;
88,427;;;;22:16;;23:17;00:17;01:20;01:20;;;;;
92,945;Siedlce Zach.;o;;22:19;;23:20;00:20;01:24;01:24;;;;;
95,776;Siedlce;p;;22:22;;23:23;00:23;01:27;01:27;;;;;
;;o;; ;; ;00:24; ; ;;;;;
98,496;Siedlce Wschodnie;o o;;;;;00:27;;;;;;;
100,417;Bia³ki Siedleckie;;;;;;00:29;;;;;;;
103,415;Kosiorki;o o;;;;;00:32;;;;;;;
105,962;Borki Kosy;;;;;;00:35;;;;;;;
110,404;Dziewule Radomyœl;o o;;;;;00:38;;;;;;;
113,036;;;;;;;00:41;;;;;;;
115,76;Krynka £ukowska;o p;;;;;00:44;;;;;;;
123,53;£uków;;;;;;00:49;;;;;;;
Do stacji : ;;;;;;;;;;;;;;
UWAGI :;;;;;;;;;;;;;;
[1]   kursuje oprócz 30.XI, 1-3.XII;;;;;;;;;;;;;;
[2]   kursuje 30.XI-3.XII;;;;;;;;;;;;;;
;;;;;;;;;;;;;;
R2;;;R2;R8;R2;R2;R2;RE2;R8;R2;R2;R3;R2;91232/3
£uków - Warszawa wa¿ny od 23.XI do 8.XII;;;91850;93938/9;91898/9;91852/3;91854/5;91230/1;93930/1;91856/7;91898/9;93440/1;91800/1;£UKOWIANKA
Km Od stacji : ;;;91850/1;(D);(D);(C);;(E);(D);(D);(C);(D);(C);(E)
;;;;;;;;;;;;;;
0;£uków;o o;;;04:02;;;04:32;;;05:02;;;05:27
7,77;Krynka £ukowska;;;;04:08;;;04:38;;;05:07;;;05:34
10,494;Radomyœl Dziewule;o o;;;04:11;;;04:41;;;05:10;;;05:37
13,126;;;;;04:13;;;04:44;;;05:13;;;05:40
17,568;Borki Kosy Kosiorki;o o;;;04:17;;;04:47;;;05:16;;;05:44
20,115;;;;;04:19;;;04:50;;;05:19;;;05:47
23,113;Bia³ki Siedleckie;o o;;;04:22;;;04:53;;;05:22;;;05:50
25,034;Siedlce Wschodnie;;;;04:25;;;04:57;;;05:24;;;05:53
27,754;Siedlce;p; ;;04:28; ; ;05:00;; ;05:27;;;05:56
30,585;Siedlce Zach.;o o;03:29;;04:29;04:29;04:44;05:02;;05:28;05:28;;;05:58
;;;03:32;;04:32;04:32;04:47;05:05;;05:31;05:31;;;06:02
35,103;Sabinka Kotuñ;o o;03:35;;04:35;04:35;04:51;|;;05:34;05:34;;;|
43,02;;;03:40;;04:40;04:40;04:57;05:12;;05:39;05:39;;;06:10
48,279;Koszewnica Sosnowe;o o;03:44;;04:44;04:44;05:01;|;;05:43;05:43;;;|
51,683;;;03:47;;04:47;04:47;05:04;|;;05:46;05:46;;;|
56,654;Grodziszcze Maz.;o;03:51;;04:51;04:51;05:08;|;;05:50;05:50;;;|
61,763;Mrozy;p;03:55; ;04:55;04:55;05:12;05:21;;05:54;05:54;;;06:20
;;o;03:56;04:32;04:56;04:56;05:13;05:22;;05:55;05:55;;;06:21
66,664;Ceg³ów Mienia;o o;04:00;04:36;05:00;05:00;05:17;05:27;;05:59;05:59;;;06:26
70,044;;;04:03;04:40;05:03;05:03;05:21;|;;06:02;06:02;;;|
74,305;Barcz¹ca;o o;04:07;04:44;05:07;05:07;05:25;|;;06:06;06:06;;;|
77,361;Miñsk Maz. Anielina;;04:10;04:47;05:10;05:10;05:28;|;;06:09;06:09;;;|
79,853;Miñsk Maz.;p;04:12;04:49;05:12;05:12;05:30;05:34; ;06:11;06:11; ; ;06:34
84,648;Wrzosów;o o;04:13;04:50;05:13;05:13;05:43;05:35;05:54;06:12;06:12;06:18;06:18;06:35
;;;04:18;04:55;05:17;05:17;05:48;|;05:58;06:17;06:17;06:22;06:22;|
87,787;Nowe Dêbe Wielkie Dêbe Wielkie;o o;04:21;04:58;05:20;05:20;05:51;|;06:01;06:20;06:20;06:25;06:25;|
89,097;;;04:23;05:00;05:22;05:22;05:53;|;06:03;06:22;06:22;06:27;06:27;|
91,635;Cisie;o o;04:25;05:03;05:25;05:25;05:56;|;06:06;06:25;06:25;06:30;06:30;|
94,784;Halinów;;04:28;05:06;05:28;05:28;05:59;05:43;06:09;06:29;06:29;06:33;06:33;06:44
98,881;Sulejówek Mi³osna Sulejówek;o o;04:32;05:09;05:31;05:31;06:02;|;06:13;06:33;06:33;06:37;06:37;|
100,459;;;04:34;05:12;05:33;05:33;06:05;|;06:16;06:35;06:35;06:39;06:39;|
102,265;W-wa Wola Grzybowska W-wa Weso³a;o o;04:36;05:15;05:36;05:36;06:07;|;06:18;06:37;06:37;06:42;06:42;|
104,063;;;04:39;05:17;05:38;05:38;06:10;|;06:21;06:40;06:40;06:44;06:44;|
108,695;Warszawa Rembertów;p;04:43;05:21;05:42;05:42;06:14;|;06:25;06:43;06:43;06:48;06:48;|
;;o;04:44;05:22;05:43;05:43;06:15;|;06:26;06:44;06:44;06:49;06:49;|
116,194;Warszawa Wschodnia;p;04:51;05:28;05:50;05:50;06:22;06:01;06:32;06:50;06:50;06:56;06:56;07:02
;;o;04:52;05:29;05:52;05:52;06:23;06:04;06:33;06:52;06:52;06:59;06:59;07:04
117,252;Warszawa Stadion Warszawa Powiœle;o o;04:54;05:32;05:54;05:54;06:25;< ;06:36;06:54;06:54;07:02;07:02;< 
118,658;;;04:57;05:34;05:57;05:57;06:28;< ;06:38;06:57;06:57;07:04;07:04;< 
120,448;Warszawa Œródmieœcie;o;05:01;05:38;06:01;06:01;06:32;< ;06:42;07:01;07:01;07:08;07:08;< 
120,448;Warszawa Centralna;p;< ;< ;< ;< ;< ;06:09;< ;< ;< ;< ;< ;07:10
;;o;< ;< ;< ;< ;< ;06:12;< ;< ;< ;< ;< ;07:15
121,355;Warszawa Ochota;o p;05:03;05:41;06:03;06:03;06:34;< 06:16;06:45;07:03;07:03;07:11;07:11;< 07:19
123,53;Warszawa Zachodnia;;05:06;05:44;06:06;06:06;06:37;;06:48;07:06;07:06;07:14;07:14;
Do stacji : ;;;;CZACHÓWEK P£D.;;;;;Piaseczno;;;Sochaczew;;
LEGENDA :;;;;;;;;;;;;;;
(C) kursuje w soboty, niedziele i œwiêta;;;;;;;;;;;;;;
(D) kursuje od poniedzia³ku do pi¹tku oprócz œwi¹t;;;;;;;;;;;;;;
(E) kursuje od poniedzia³ku do soboty oprócz œwi¹t;;;;;;;;;;;;;;
;;;;;;;;;;;;;;
R2;;;R2;R3;R2;R2;RE2;R2;R3;R2;R2;RE2;R8;R2
£uków - Warszawa wa¿ny od 23.XI do 8.XII;;;91940/1;93410/1;91840/1;11850 (D);11210/1;91858/9;93450/1;91802/3;11852;91234/5;12840/1;91860/1
Km Od stacji : ;;;(D);(E);(D);;(E) [1];;(D);(D);[2];(E);(D);
;;;;;;;Pilawa;;;;;;;
0;£uków;o o;;;;05:58;;;;;06:43;06:43;;
7,77;Krynka £ukowska;;;;;06:04;;;;;06:49;06:49;;
10,494;Radomyœl Dziewule;o o;;;;06:07;;;;;06:52;06:52;;
13,126;;;;;;06:10;;;;;06:55;06:55;;
17,568;Borki Kosy Kosiorki;o o;;;;06:14;;;;;06:59;06:59;;
20,115;;;;;;06:17;;;;;07:02;07:02;;
23,113;Bia³ki Siedleckie;o o;;;;06:20;;;;;07:05;07:05;;
25,034;Siedlce Wschodnie;;;;;06:22;;;;;07:07;07:07;;
27,754;Siedlce;p;;;;06:25;; ;;;07:10;07:10;; 
30,585;Siedlce Zach.;o o;;;; ;;06:30;;; ;07:11;;07:38
;;;;;;;;06:33;;;;07:14;;07:41
35,103;Sabinka Kotuñ;o o;;;;;;06:36;;;;|;;07:44
43,02;;;;;;;;06:41;;;;07:22;;07:50
48,279;Koszewnica Sosnowe;o o;;;;;;06:45;;;;|;;07:54
51,683;;;;;;;;06:48;;;;|;;07:57
56,654;Grodziszcze Maz.;o;;;;;;06:52;;;;|;;08:01
61,763;Mrozy;p;;; ;;;06:56;; ;;07:33;;08:05
;;o;;;06:37;;;06:57;;07:09;;07:33;;08:05
66,664;Ceg³ów Mienia;o o;;;06:41;;;07:01;;07:13;;07:38;;08:09
70,044;;;;;06:44;;;07:04;;07:17;;|;;08:12
74,305;Barcz¹ca;o o;;;06:48;;;07:08;;07:21;;|;;08:16
77,361;Miñsk Maz. Anielina;;;;06:51;;;07:11;;07:24;;07:45;;08:19
79,853;Miñsk Maz.;p;; ;06:53;;;07:13;;07:26;;07:48; ;08:21
84,648;Wrzosów;o o;;06:48;06:54;;|;07:22;;07:27;;07:49;08:13;08:22
;;;;06:53;06:59;;;07:26;;07:31;;|;08:17;08:26
87,787;Nowe Dêbe Wielkie Dêbe Wielkie;o o;;06:56;07:02;;|;07:29;;07:34;;|;08:20;08:29
89,097;;;;06:58;07:05;;|;07:31;;07:36;;|;08:22;08:31
91,635;Cisie;o o;;07:01;07:08;;|;07:34;;07:39;;|;08:25;08:34
94,784;Halinów;;;07:04;07:11;;|;07:37;;07:42;;07:58;08:28;08:37
98,881;Sulejówek Mi³osna Sulejówek;o o;;07:07;07:15;;07:28;07:40;;07:46;;08:02;08:32;08:40
100,459;;;;07:10;07:18;;|;07:42;;07:48;;08:04;08:35;08:42
102,265;W-wa Wola Grzybowska W-wa Weso³a;o o;;07:12;07:20;;|;07:45;;07:51;;|;08:37;08:45
104,063;;;;07:15;07:23;;|;07:47;;07:53;;08:08;08:40;08:47
108,695;Warszawa Rembertów;p; ;07:19;07:29;;|;07:51; ;07:57;;08:12;08:44;08:51
;;o;06:56;07:20;07:30;;|;07:52;07:45;07:58;;08:13;08:45;08:52
116,194;Warszawa Wschodnia;p;07:02;07:27;07:36;;07:46;07:58;07:51;08:05;;08:19;08:51;08:58
;;o;07:03;07:29;07:37;; ;07:59;07:52;08:07;;08:22;08:52;08:59
117,252;Warszawa Stadion Warszawa Powiœle;o o;07:06;07:32;07:39;;;08:02;07:54;08:09;;08:24;08:55;09:02
118,658;;;07:08;07:34;07:42;;;08:04;07:57;08:12;;08:27;08:57;09:04
120,448;Warszawa Œródmieœcie;o;07:12;07:38;07:46;;;08:08;08:01;08:16;;08:31;09:01;09:08
120,448;Warszawa Centralna;p;< ;< ;< ;;;< ;< ;< ;;< ;< ;< 
;;o;< ;< ;< ;;;< ;< ;< ;;< ;< ;< 
121,355;Warszawa Ochota;o p;07:15;07:41;07:48;;;08:11;08:03;08:18;;08:33;09:04;09:11
123,53;Warszawa Zachodnia;;07:18;07:44;07:51;;;08:14;08:06;08:21;;08:36;09:07;09:14
Do stacji : ;;;;£owicz G³ówny;;;;;Sochaczew;;;;Radom;
LEGENDA :;;;;;;;;;;;;;;
(D) kursuje od poniedzia³ku do pi¹tku oprócz œwi¹t;;;;;;;;;;;;;;
(E) kursuje od poniedzia³ku do soboty oprócz œwi¹tUWAGI :;;;;;;;;;;;;;;
[1]   poc. kursuje przez Sulejówek Mi³osna;;;;;;;;;;;;;;
[2]   kursuje w (7);;;;;;;;;;;;;;
;;;;;;;;;;;;;;
R2;;;R2;R2;RE2;R2;R2;R2;R2;R2;91250 CZEREMSZAK;R2;R2;R2
£uków - Warszawa wa¿ny od 23.XI do 8.XII;;;91942/3;11822;91220/1;91804/5;91862;91806/7;11854 (D);91864/5;;91808/9;11826;91866/7
Km Od stacji : ;;;(D);;(D);;91862/3;;;;;(D);;
;;;;Terespol;;;;;;;Czeremcha;;Terespol;
0;£uków;o o;;07:34;;;;;08:57;;;;09:50;
7,77;Krynka £ukowska;;;07:40;;;;;09:03;;;;09:56;
10,494;Radomyœl Dziewule;o o;;07:43;;;;;09:06;;;;09:59;
13,126;;;;07:46;;;;;09:09;;;;10:02;
17,568;Borki Kosy Kosiorki;o o;;07:50;;;;;09:13;;;;10:06;
20,115;;;;07:53;;;;;09:16;;;;10:09;
23,113;Bia³ki Siedleckie;o o;;07:56;;;;;09:19;;;;10:12;
25,034;Siedlce Wschodnie;;;07:59;;;;;09:21;;;;10:15;
27,754;Siedlce;p;;08:02; ;; ;;09:24; ;09:55;;10:18; 
30,585;Siedlce Zach.;o o;; ;08:09;;08:37;; ;09:38;09:56;; ;10:37
;;;;;08:12;;08:40;;;09:41;09:59;;;10:40
35,103;Sabinka Kotuñ;o o;;;|;;08:43;;;09:44;|;;;10:43
43,02;;;;;08:19;;08:48;;;09:49;10:08;;;10:48
48,279;Koszewnica Sosnowe;o o;;;|;;08:52;;;09:53;|;;;10:52
51,683;;;;;|;;08:55;;;09:56;|;;;10:55
56,654;Grodziszcze Maz.;o;;;|;;08:59;;;10:00;|;;;10:59
61,763;Mrozy;p;;;08:28;;09:03;;;10:04;10:19;;;11:03
;;o;;;08:29;;09:04;;;10:05;10:19;;;11:04
66,664;Ceg³ów Mienia;o o;;;08:33;;09:08;;;10:09;10:24;;;11:08
70,044;;;;;|;;09:11;;;10:12;|;;;11:11
74,305;Barcz¹ca;o o;;;|;;09:15;;;10:16;|;;;11:15
77,361;Miñsk Maz. Anielina;;;;|;;09:18;;;10:19;10:32;;;11:18
79,853;Miñsk Maz.;p;;;08:40; ;09:20; ;;10:21;10:34; ;;11:20
84,648;Wrzosów;o o;;;08:41;08:51;09:21;09:51;;10:22;10:35;10:51;;11:21
;;;;;|;08:55;09:26;09:55;;10:26;|;10:55;;11:26
87,787;Nowe Dêbe Wielkie Dêbe Wielkie;o o;;;|;08:58;09:29;09:58;;10:29;|;10:58;;11:29
89,097;;;;;|;09:00;09:31;10:00;;10:31;|;11:00;;11:31
91,635;Cisie;o o;;;|;09:03;09:33;10:03;;10:33;|;11:03;;11:33
94,784;Halinów;;;;08:49;09:06;09:36;10:06;;10:36;10:45;11:06;;11:36
98,881;Sulejówek Mi³osna Sulejówek;o o;;;|;09:10;09:40;10:10;;10:40;|;11:10;;11:40
100,459;;;;;|;09:12;09:42;10:12;;10:42;|;11:12;;11:42
102,265;W-wa Wola Grzybowska W-wa Weso³a;o o;;;|;09:15;09:44;10:15;;10:44;|;11:15;;11:44
104,063;;;;;|;09:17;09:47;10:17;;10:47;|;11:17;;11:47
108,695;Warszawa Rembertów;p; ;;|;09:21;09:51;10:21;;10:51;10:57;11:21;;11:51
;;o;08:59;;|;09:22;09:52;10:22;;10:52;10:58;11:22;;11:52
116,194;Warszawa Wschodnia;p;09:06;;09:07;09:29;09:58;10:29;;10:58;11:05;11:28;;11:58
;;o;09:07;;09:09;09:30;09:59;10:33;;10:59; ;11:33;;11:59
117,252;Warszawa Stadion Warszawa Powiœle;o o;09:09;;< ;09:32;10:02;10:35;;11:02;;11:35;;12:02
118,658;;;09:12;;< ;09:35;10:04;10:38;;11:04;;11:38;;12:04
120,448;Warszawa Œródmieœcie;o;09:16;;< ;09:39;10:08;10:42;;11:08;;11:42;;12:08
120,448;Warszawa Centralna;p;< ;;09:15;< ;< ;< ;;< ;;< ;;< 
;;o;< ;;09:20;< ;< ;< ;;< ;;< ;;< 
121,355;Warszawa Ochota;o p;09:18;;< 09:24;09:41;10:11;10:44;;11:11;;11:44;;12:11
123,53;Warszawa Zachodnia;;09:21;;;09:44;10:14;10:47;;11:14;;11:47;;12:14
Do stacji : ;;;;;;;;;;;;;;
LEGENDA :;;;;;;;;;;;;;;
(D) kursuje od poniedzia³ku do pi¹tku oprócz œwi¹t kolorem niebieskim oznaczono poc. spó³ki Przewozy Regionalne;;;;;;;;;;;;;;
R2;;;R3;R2;R2;R2;R2;R3;R2;R2;RE8;R3;R2;R8
£uków - Warszawa wa¿ny od 23.XI do 8.XII;;;93442/3;11856;91868/9;91810/1;91870/1;93444/5;11858;91872/3;12940/1;93412/3;91874/5;12942/3
Km Od stacji : ;;;(D);;;(D);;(D);;;(D);(D);;(D)
;;;;;;;;;;;;;;
0;£uków;o o;;10:56;;;;;12:57;;;;;
7,77;Krynka £ukowska;;;11:02;;;;;13:03;;;;;
10,494;Radomyœl Dziewule;o o;;11:05;;;;;13:06;;;;;
13,126;;;;11:08;;;;;13:09;;;;;
17,568;Borki Kosy Kosiorki;o o;;11:12;;;;;13:13;;;;;
20,115;;;;11:15;;;;;13:16;;;;;
23,113;Bia³ki Siedleckie;o o;;11:18;;;;;13:19;;;;;
25,034;Siedlce Wschodnie;;;11:20;;;;;13:21;;;;;
27,754;Siedlce;p;;11:23; ;; ;;13:24; ;;; ;
30,585;Siedlce Zach.;o o;; ;11:37;;12:29;; ;13:37;;;14:40;
;;;;;11:40;;12:32;;;13:40;;;14:43;
35,103;Sabinka Kotuñ;o o;;;11:43;;12:35;;;13:43;;;14:46;
43,02;;;;;11:48;;12:40;;;13:48;;;14:51;
48,279;Koszewnica Sosnowe;o o;;;11:52;;12:44;;;13:52;;;14:55;
51,683;;;;;11:55;;12:47;;;13:55;;;14:58;
56,654;Grodziszcze Maz.;o;;;11:59;;12:51;;;13:59;;;15:02;
61,763;Mrozy;p;;;12:03;;12:55;;;14:03;;;15:06;
;;o;;;12:04;;12:56;;;14:04;;;15:07;
66,664;Ceg³ów Mienia;o o;;;12:08;;13:00;;;14:08;;;15:11;
70,044;;;;;12:11;;13:03;;;14:11;;;15:14;
74,305;Barcz¹ca;o o;;;12:15;;13:07;;;14:15;;;15:18;
77,361;Miñsk Maz. Anielina;;;;12:18;;13:10;;;14:18;;;15:21;
79,853;Miñsk Maz.;p; ;;12:20; ;13:12; ;;14:20;; ;15:23;
84,648;Wrzosów;o o;11:42;;12:21;12:47;13:13;13:47;;14:21;;14:50;15:24;
;;;11:47;;12:26;12:52;13:18;13:51;;14:26;;14:54;15:29;
87,787;Nowe Dêbe Wielkie Dêbe Wielkie;o o;11:50;;12:29;12:55;13:21;13:54;;14:29;;14:57;15:32;
89,097;;;11:52;;12:31;12:57;13:23;13:56;;14:31;;14:59;15:34;
91,635;Cisie;o o;11:55;;12:33;13:00;13:25;13:59;;14:33;;15:02;15:36;
94,784;Halinów;;11:58;;12:36;13:03;13:28;14:02;;14:36;;15:05;15:39;
98,881;Sulejówek Mi³osna Sulejówek;o o;12:02;;12:40;13:06;13:32;14:06;;14:40;;15:09;15:43;
100,459;;;12:05;;12:42;13:09;13:34;14:09;;14:42;;15:11;15:45;
102,265;W-wa Wola Grzybowska W-wa Weso³a;o o;12:07;;12:44;13:11;13:36;14:11;;14:44;;15:14;15:47;
104,063;;;12:10;;12:47;13:14;13:39;14:14;;14:47;;15:16;15:50;
108,695;Warszawa Rembertów;p;12:14;;12:51;13:18;13:43;14:18;;14:51; ;15:20;15:53; 
;;o;12:17;;12:52;13:19;13:44;14:19;;14:52;14:55;15:21;15:54;16:14
116,194;Warszawa Wschodnia;p;12:24;;12:58;13:25;13:50;14:25;;14:58;15:02;15:27;16:00;16:21
;;o;12:33;;12:59;13:26;13:52;14:26;;14:59;15:03;15:33;16:03;16:22
117,252;Warszawa Stadion Warszawa Powiœle;o o;12:35;;13:02;13:28;13:54;14:28;;15:02;15:05;15:36;16:06;16:24
118,658;;;12:38;;13:04;13:31;13:57;14:31;;15:04;15:08;15:38;16:08;16:27
120,448;Warszawa Œródmieœcie;o;12:42;;13:08;13:35;14:01;14:35;;15:08;15:12;15:42;16:12;16:31
120,448;Warszawa Centralna;p;< ;;< ;< ;< ;< ;;< ;< ;< ;< ;< 
;;o;< ;;< ;< ;< ;< ;;< ;< ;< ;< ;< 
121,355;Warszawa Ochota;o p;12:44;;13:11;13:37;14:03;14:37;;15:11;15:14;15:45;16:15;16:33
123,53;Warszawa Zachodnia;;12:47;;13:14;13:40;14:06;14:40;;15:14;15:17;15:48;16:18;16:36
Do stacji : ;;;Sochaczew;;;;;Sochaczew;;;Radom;£owicz G³ówny;;Radom
LEGENDA :;;;;;;;;;;;;;;
(D) kursuje od poniedzia³ku do pi¹tku oprócz œwi¹t;;;;;;;;;;;;;;
R2;;;R8;R2;R2;R2;R2;R1;R8;R2;R3;R2;R8;R1
£uków - Warszawa wa¿ny od 23.XI do 8.XII;;;93900/1;11860;91876/7;11828 (D);11828 (C);93378/9;93902/3;91812/3;93478/9;91878/9;93934/5;93300/1
Km Od stacji : ;;;;;;;;(D);(D);(C);(D);;(D);(D)
;;;;;;Terespol;;;;;;;;
0;£uków;o o;;14:56;;15:23;15:23;;;;;;;
7,77;Krynka £ukowska;;;15:02;;15:29;15:29;;;;;;;
10,494;Radomyœl Dziewule;o o;;15:05;;15:32;15:32;;;;;;;
13,126;;;;15:08;;15:35;15:35;;;;;;;
17,568;Borki Kosy Kosiorki;o o;;15:12;;15:39;15:39;;;;;;;
20,115;;;;15:15;;15:42;15:42;;;;;;;
23,113;Bia³ki Siedleckie;o o;;15:18;;15:45;15:45;;;;;;;
25,034;Siedlce Wschodnie;;;15:20;;15:48;15:48;;;;;;;
27,754;Siedlce;p;;15:23; ;15:51;15:51;;;;; ;;
30,585;Siedlce Zach.;o o;; ;15:39; ; ;;;;;16:37;;
;;;;;15:42;;;;;;;16:40;;
35,103;Sabinka Kotuñ;o o;;;15:45;;;;;;;16:43;;
43,02;;;;;15:50;;;;;;;16:48;;
48,279;Koszewnica Sosnowe;o o;;;15:54;;;;;;;16:52;;
51,683;;;;;15:57;;;;;;;16:55;;
56,654;Grodziszcze Maz.;o;;;16:01;;;;;;;16:59;;
61,763;Mrozy;p;;;16:05;;;;;; ;17:03;;
;;o;;;16:06;;;;;;16:56;17:04;;
66,664;Ceg³ów Mienia;o o;;;16:10;;;;;;17:00;17:08;;
70,044;;;;;16:13;;;;;;17:04;17:11;;
74,305;Barcz¹ca;o o;;;16:17;;;;;;17:07;17:15;;
77,361;Miñsk Maz. Anielina;;;;16:20;;;;;;17:10;17:18;;
79,853;Miñsk Maz.;p; ;;16:22;;;; ; ;17:12;17:20;;
84,648;Wrzosów;o o;15:55;;16:23;;;;16:55;16:55;17:13;17:21;;
;;;15:59;;16:27;;;;16:59;16:59;17:17;17:26;;
87,787;Nowe Dêbe Wielkie Dêbe Wielkie;o o;16:02;;16:30;;;;17:02;17:02;17:20;17:29;;
89,097;;;16:04;;16:32;;;;17:04;17:04;17:22;17:31;;
91,635;Cisie;o o;16:07;;16:35;;;;17:07;17:07;17:25;17:33;;
94,784;Halinów;;16:10;;16:38;;;;17:10;17:10;17:28;17:36;;
98,881;Sulejówek Mi³osna Sulejówek;o o;16:14;;16:41;;;;17:14;17:14;17:32;17:40;;
100,459;;;16:16;;16:43;;;;17:16;17:16;17:34;17:42;;
102,265;W-wa Wola Grzybowska W-wa Weso³a;o o;16:19;;16:46;;;;17:19;17:19;17:37;17:44;;
104,063;;;16:21;;16:48;;;;17:21;17:21;17:39;17:47;;
108,695;Warszawa Rembertów;p;16:25;;16:52;;; ;17:25;17:25;17:43;17:51; ; 
;;o;16:26;;16:53;;;17:11;17:26;17:26;17:44;17:52;17:59;18:41
116,194;Warszawa Wschodnia;p;16:32;;17:00;;;17:17;17:33;17:33;17:51;17:58;18:06;18:47
;;o;16:37;;17:03;;;17:18;17:34;17:34;17:52;17:59;18:07;18:48
117,252;Warszawa Stadion Warszawa Powiœle;o o;16:40;;17:06;;;17:21;17:36;17:36;17:54;18:02;18:09;18:51
118,658;;;16:42;;17:08;;;17:23;17:39;17:39;17:57;18:04;18:12;18:53
120,448;Warszawa Œródmieœcie;o;16:46;;17:12;;;17:27;17:43;17:43;18:01;18:08;18:16;18:57
120,448;Warszawa Centralna;p;< ;;< ;;;< ;< ;< ;< ;< ;< ;< 
;;o;< ;;< ;;;< ;< ;< ;< ;< ;< ;< 
121,355;Warszawa Ochota;o p;16:49;;17:15;;;17:30;17:45;17:45;18:03;18:11;18:18;19:00
123,53;Warszawa Zachodnia;;16:52;;17:18;;;17:33;17:48;17:48;18:06;18:14;18:21;19:03
Do stacji : ;;;Góra Kalwaria;;;;;GRODZISK MAZ.;Góra Kalwaria;;Sochaczew;;Piaseczno;GRODZISK MAZ.
LEGENDA :;;;;;;;;;;;;;;
(C) kursuje w soboty, niedziele i œwiêta (D) kursuje od poniedzia³ku do pi¹tku oprócz œwi¹t kolorem niebieskim oznaczono poc. spó³ki Przewozy Regionalne;;;;;;;;;;;;;;
;;;;;;;;;;;;;;
R2;;;R3;R2;R2;RE2;RE2;R2;R2;R3;R2;R2;RE2;R2
£uków - Warszawa wa¿ny od 23.XI do 8.XII;;;93448/9;91814/5;11862;91236;91222 (D);91880/1;91816/7;93446/7;11864 (D);91882/3;91224/5;91818 (D)
Km Od stacji : ;;;(D);(C);(E);[1];;;(D);(D);;;(D);
;;;;;;;;;;;;;;
0;£uków;o o;;;17:05;17:05;;;;;18:01;;;
7,77;Krynka £ukowska;;;;17:11;17:11;;;;;18:07;;;
10,494;Radomyœl Dziewule;o o;;;17:14;17:14;;;;;18:10;;;
13,126;;;;;17:17;17:17;;;;;18:13;;;
17,568;Borki Kosy Kosiorki;o o;;;17:21;17:21;;;;;18:17;;;
20,115;;;;;17:24;17:24;;;;;18:20;;;
23,113;Bia³ki Siedleckie;o o;;;17:27;17:27;;;;;18:23;;;
25,034;Siedlce Wschodnie;;;;17:29;17:29;;;;;18:25;;;
27,754;Siedlce;p;;;17:32;17:32; ; ;;;18:28; ; ;
30,585;Siedlce Zach.;o o;;; ;17:34;17:37;17:42;;; ;18:37;19:37;
;;;;;;|;|;17:45;;;;18:40;|;
35,103;Sabinka Kotuñ;o o;;;;|;|;17:48;;;;18:43;|;
43,02;;;;;;|;|;17:53;;;;18:49;|;
48,279;Koszewnica Sosnowe;o o;;;;|;|;17:57;;;;18:53;|;
51,683;;;;;;|;|;18:00;;;;18:56;|;
56,654;Grodziszcze Maz.;o;;;;|;|;18:04;;;;19:00;|;
61,763;Mrozy;p;;;;17:50;17:52;18:08;;;;19:04;19:53;
;;o;;;;17:51;17:53;18:09;;;;19:04;19:54;
66,664;Ceg³ów Mienia;o o;;;;|;|;18:13;;;;19:09;|;
70,044;;;;;;|;|;18:16;;;;19:12;|;
74,305;Barcz¹ca;o o;;;;|;|;18:20;;;;19:15;|;
77,361;Miñsk Maz. Anielina;;;;;|;|;18:23;;;;19:18;|;
79,853;Miñsk Maz.;p; ; ;;18:01;18:03;18:25; ; ;;19:21;20:03; 
84,648;Wrzosów;o o;18:13;18:13;;18:02;18:04;18:26;18:43;19:11;;19:22;20:04;20:13
;;;18:18;18:18;;|;|;18:30;18:47;19:16;;19:26;|;20:18
87,787;Nowe Dêbe Wielkie Dêbe Wielkie;o o;18:21;18:21;;|;|;18:33;18:50;19:19;;19:29;|;20:21
89,097;;;18:23;18:23;;|;|;18:35;18:52;19:21;;19:31;|;20:23
91,635;Cisie;o o;18:26;18:26;;|;|;18:38;18:55;19:24;;19:34;|;20:26
94,784;Halinów;;18:29;18:29;;|;|;18:41;18:58;19:27;;19:37;|;20:29
98,881;Sulejówek Mi³osna Sulejówek;o o;18:32;18:32;;|;|;18:44;19:02;19:31;;19:40;|;20:32
100,459;;;18:35;18:35;;|;|;18:46;19:04;19:33;;19:42;|;20:35
102,265;W-wa Wola Grzybowska W-wa Weso³a;o o;18:37;18:37;;|;|;18:49;19:07;19:36;;19:45;|;20:37
104,063;;;18:40;18:40;;|;|;18:51;19:09;19:38;;19:47;|;20:40
108,695;Warszawa Rembertów;p;18:44;18:44;;|;|;18:55;19:14;19:43;;19:51;|;20:44
;;o;18:45;18:45;;|;|;18:56;19:15;19:44;;19:52;|;20:45
116,194;Warszawa Wschodnia;p;18:51;18:51;;18:24;18:24;19:02;19:22;19:51;;19:58;20:24;20:52
;;o;18:52;18:52;;18:26;18:26;19:03;19:23;19:52;;19:59;20:25;20:56
117,252;Warszawa Stadion Warszawa Powiœle;o o;18:54;18:54;;18:28;18:28;19:06;19:25;19:54;;20:02;20:27;20:58
118,658;;;18:57;18:57;;18:31;18:31;19:08;19:28;19:57;;20:04;20:30;21:01
120,448;Warszawa Œródmieœcie;o;19:01;19:01;;18:35;18:35;19:12;19:32;20:01;;20:08;20:34;21:05
120,448;Warszawa Centralna;p;< ;< ;;< ;< ;< ;< ;< ;;< ;< ;< 
;;o;< ;< ;;< ;< ;< ;< ;< ;;< ;< ;< 
121,355;Warszawa Ochota;o p;19:03;19:03;;18:37;18:37;19:15;19:34;20:03;;20:11;20:36;21:07
123,53;Warszawa Zachodnia;;19:06;19:06;;18:40;18:40;19:18;19:37;20:06;;20:14;20:39;21:10
Do stacji : ;;;Sochaczew;;;;;;;Sochaczew;;;;
LEGENDA :;;;;;;;;;;;;;;
(C) kursuje w soboty, niedziele i œwiêta;;;;;;;;;;;;;;
(D) kursuje od poniedzia³ku do pi¹tku oprócz œwi¹t;;;;;;;;;;;;;;
(E) kursuje od poniedzia³ku do soboty oprócz œwi¹tUWAGI :;;;;;;;;;;;;;;
R2;;;R2;R2;R2;R2;R2;R2;R2;R2;R2;R2;R2;
£uków - Warszawa wa¿ny od 23.XI do 8.XII;;;91884/5;11866;91820/1;91886/7;91822/3;11868 (D);91888;91888;11870;91890/1;91890/1;
Km Od stacji : ;;;;;(D);;(D);;[1];[2];;[3];[4];
;;;;;;;;;;;;;;
0;£uków;o o;;19:39;;;;20:47;;;22:11;;;
7,77;Krynka £ukowska;;;19:45;;;;20:53;;;22:17;;;
10,494;Radomyœl Dziewule;o o;;19:48;;;;20:56;;;22:20;;;
13,126;;;;19:51;;;;20:59;;;22:23;;;
17,568;Borki Kosy Kosiorki;o o;;19:55;;;;21:03;;;22:27;;;
20,115;;;;19:58;;;;21:06;;;22:30;;;
23,113;Bia³ki Siedleckie;o o;;20:01;;;;21:09;;;22:33;;;
25,034;Siedlce Wschodnie;;;20:03;;;;21:11;;;22:35;;;
27,754;Siedlce;p; ;20:06;; ;;21:14; ; ;22:38; ; ;
30,585;Siedlce Zach.;o o;19:41; ;;20:37;; ;21:41;21:41; ;22:41;22:41;
;;;19:44;;;20:40;;;21:44;21:44;;22:44;22:44;
35,103;Sabinka Kotuñ;o o;19:47;;;20:43;;;21:47;21:47;;22:48;22:48;
43,02;;;19:52;;;20:48;;;21:52;21:52;;22:54;22:54;
48,279;Koszewnica Sosnowe;o o;19:56;;;20:52;;;21:56;21:56;;22:58;22:58;
51,683;;;19:59;;;20:55;;;21:59;21:59;;23:01;23:01;
56,654;Grodziszcze Maz.;o;20:03;;;20:59;;;22:03;22:03;;23:05;23:05;
61,763;Mrozy;p;20:07;;;21:03;;;22:07;22:07;;23:09;23:09;
;;o;20:08;;;21:04;;;22:08;22:08;;23:10;23:10;
66,664;Ceg³ów Mienia;o o;20:12;;;21:08;;;22:12;22:12;;23:14;23:14;
70,044;;;20:15;;;21:11;;;22:15;22:15;;23:18;23:18;
74,305;Barcz¹ca;o o;20:19;;;21:15;;;22:19;22:19;;23:22;23:22;
77,361;Miñsk Maz. Anielina;;20:22;;;21:18;;;22:22;22:22;;23:25;23:25;
79,853;Miñsk Maz.;p;20:24;; ;21:20; ;;22:24;22:24;;23:28;23:28;
84,648;Wrzosów;o o;20:25;;20:50;21:21;21:57;;22:25;22:25;;23:35;23:29;
;;;20:30;;20:54;21:26;22:02;;22:30;22:30;;23:39;23:33;
87,787;Nowe Dêbe Wielkie Dêbe Wielkie;o o;20:33;;20:57;21:29;22:05;;22:33;22:33;;23:42;23:36;
89,097;;;20:35;;20:59;21:31;22:07;;22:35;22:35;;23:44;23:38;
91,635;Cisie;o o;20:37;;21:02;21:33;22:10;;22:37;22:37;;23:47;23:41;
94,784;Halinów;;20:40;;21:05;21:36;22:13;;22:40;22:40;;23:50;23:44;
98,881;Sulejówek Mi³osna Sulejówek;o o;20:44;;21:09;21:40;22:16;;22:44;22:44;;23:53;23:47;
100,459;;;20:46;;21:11;21:42;22:19;;22:46;22:46;;23:56;23:50;
102,265;W-wa Wola Grzybowska W-wa Weso³a;o o;20:48;;21:14;21:44;22:21;;22:48;22:48;;23:58;23:52;
104,063;;;20:51;;21:16;21:47;22:24;;22:51;22:51;;00:01;23:55;
108,695;Warszawa Rembertów;p;20:55;;21:20;21:51;22:28;;22:55;22:55;;00:05;23:59;
;;o;20:56;;21:21;21:52;22:29;;22:56;22:56;;00:06;00:00;
116,194;Warszawa Wschodnia;p;21:02;;21:28;21:58;22:36;;23:02;23:02;;00:13;00:06;
;;o;21:03;;21:29;21:59;22:37;;23:03;23:17;;00:14;00:07;
117,252;Warszawa Stadion Warszawa Powiœle;o o;21:06;;21:32;22:02;22:39;;23:05;23:19;;00:17;00:10;
118,658;;;21:08;;21:34;22:04;22:42;;23:08;23:22;;00:19;00:12;
120,448;Warszawa Œródmieœcie;o;21:12;;21:38;22:08;22:46;;23:12;23:26;;00:23;00:16;
120,448;Warszawa Centralna;p;< ;;< ;< ;< ;;< ;< ;;< ;< ;
;;o;< ;;< ;< ;< ;;< ;< ;;< ;< ;
121,355;Warszawa Ochota;o p;21:15;;21:41;22:11;22:48;;23:14;23:28;;00:26;00:19;
123,53;Warszawa Zachodnia;;21:18;;21:44;22:14;22:51;;23:17;23:31;;00:29;00:22;
Do stacji : ;;;;;;;;;;;;;;
[1];kursuje w (7) LEGENDA :;;;;;;;;;;;;;
(D) kursuje od poniedzia³ku do pi¹tku oprócz œwi¹t UWAGI :;;;;;;;;;;;;;;
[1]   kursuje oprócz 30.XI, 1-3.XII;;;;;;;;;;;;;;
[2]   kursuje 30.XI-3.XII;;;;;;;;;;;;;;
[3]   kursuje w (5),(7);;;;;;;;;;;;;;
[4]   kursuje w (1)-(4),(6);;;;;;;;;;;;;;
